{"type": "FeatureCollection", "features": [{"id": "0", "type": "Feature", "properties": {"state_fips": "01", "name": "Alabama", "usps": "AL"}, "geometry": {"type": "Polygon", "coordinates": [[[-88.3956, 30.3872], [-88.4746, 31.8939], [-88.0977, 34.8923], [-88.2018, 34.9954], [-85.6067, 34.9847], [-85.1832, 32.8699], [-85.0791, 32.6078], [-85.0002, 32.51], [-84.9714, 32.3774], [-85.0073, 32.3279], [-84.8889, 32.264], [-85.0612, 32.1335], [-85.0684, 31.9911], [-85.133, 31.8928], [-85.1401, 31.7806], [-85.0576, 31.6227], [-85.0468, 31.5168], [-85.1007, 31.1623], [-85.0289, 31.0753], [-85.0037, 31.0001], [-86.0339, 30.9931], [-87.5988, 30.9969], [-87.6347, 30.8658], [-87.5306, 30.7401], [-87.405, 30.6746], [-87.4337, 30.4157], [-87.5163, 30.3013], [-87.6598, 30.2497], [-87.8393, 30.2266], [-87.746, 30.2884], [-87.9075, 30.4098], [-87.9362, 30.7256], [-87.9829, 30.7111], [-88.0167, 30.743], [-88.1049, 30.4984], [-88.1228, 30.3426], [-88.3597, 30.4044], [-88.3956, 30.3872]]]}}, {"id": "1", "type": "Feature", "properties": {"state_fips": "02", "name": "Alaska", "usps": "AK"}, "geometry": {"type": "MultiPolygon", "coordinates": [[[[-164.6407, 60.3404], [-164.5461, 60.3856], [-164.5748, 60.4469], [-164.4276, 60.4818], [-164.5209, 60.5456], [-164.3594, 60.5629], [-164.2625, 60.6472], [-164.119, 60.6655], [-163.9216, 60.7869], [-163.7744, 60.7294], [-163.8175, 60.6214], [-163.699, 60.5752], [-163.4155, 60.7256], [-163.5519, 60.81], [-163.9287, 60.8551], [-163.7995, 60.8943], [-163.6559, 60.8637], [-163.5339, 60.9034], [-163.7852, 60.9341], [-163.9467, 60.8589], [-163.9969, 61.0463], [-164.162, 60.948], [-164.0867, 60.8777], [-164.5389, 60.847], [-164.6574, 60.933], [-164.8225, 60.8965], [-164.8655, 60.9448], [-165.1383, 60.9201], [-164.7973, 60.9824], [-164.5999, 60.9421], [-164.241, 60.9872], [-163.9826, 61.2435], [-163.9969, 61.3718], [-163.6559, 61.3358], [-163.5267, 61.3552], [-163.358, 61.4744], [-163.175, 61.4492], [-162.8663, 61.4938], [-162.755, 61.5426], [-162.5074, 61.5566], [-162.3279, 61.5185], [-161.9008, 61.4803], [-161.4521, 61.569], [-161.1255, 61.5996], [-160.7737, 61.7387], [-160.1851, 61.8316], [-160.483, 61.8768], [-160.5333, 61.9471], [-160.9137, 61.9493], [-160.9101, 62.2044], [-161.0501, 62.205], [-161.0501, 62.5503], [-160.9999, 62.552], [-160.9963, 62.8979], [-160.8527, 63.0128], [-161.9905, 63.0128], [-161.9905, 63.0956], [-162.1807, 63.0966], [-162.1879, 63.1863], [-162.3782, 63.1863], [-162.3782, 63.2728], [-162.5827, 63.2728], [-162.353, 63.4544], [-162.31, 63.5414], [-162.0085, 63.4855], [-162.1484, 63.4297], [-161.7105, 63.464], [-161.5203, 63.4533], [-161.1434, 63.5027], [-160.7666, 63.7697], [-160.7809, 63.8524], [-160.9389, 64.0495], [-160.9747, 64.2359], [-161.2619, 64.3842], [-161.506, 64.3998], [-161.3732, 64.5346], [-161.0824, 64.4927], [-160.7917, 64.6195], [-160.7845, 64.7167], [-160.903, 64.8225], [-161.1075, 64.88], [-161.0142, 64.9316], [-161.1757, 64.9283], [-161.366, 64.779], [-161.5454, 64.7414], [-161.6854, 64.7806], [-161.9008, 64.7038], [-162.1736, 64.6802], [-162.231, 64.6211], [-162.5397, 64.5308], [-162.6438, 64.3799], [-162.7909, 64.3251], [-162.8484, 64.4959], [-163.1929, 64.6479], [-163.3544, 64.584], [-163.1247, 64.5045], [-163.1068, 64.4094], [-163.5985, 64.5631], [-164.3594, 64.5561], [-164.6681, 64.4889], [-164.6933, 64.5179], [-165.0199, 64.4341], [-165.3357, 64.4879], [-166.1936, 64.576], [-166.4089, 64.6485], [-166.4843, 64.7967], [-166.391, 64.8854], [-166.6925, 64.9853], [-166.8361, 65.1158], [-166.5705, 65.1233], [-166.3659, 65.2619], [-166.0464, 65.2334], [-165.8239, 65.0782], [-165.6552, 65.0476], [-165.4219, 65.1324], [-165.5583, 65.177], [-165.8526, 65.1872], [-165.91, 65.1486], [-166.0572, 65.2544], [-166.33, 65.3135], [-166.8468, 65.3742], [-167.4032, 65.4005], [-167.7262, 65.5025], [-168.078, 65.5761], [-167.798, 65.7077], [-167.5898, 65.7088], [-167.5898, 65.7942], [-167.274, 65.9006], [-167.1699, 65.8388], [-166.872, 65.9296], [-166.6638, 66.0735], [-166.2259, 66.1713], [-166.0392, 66.1079], [-165.6193, 66.1133], [-165.508, 66.1557], [-165.8777, 66.2325], [-165.7557, 66.3179], [-165.4398, 66.4023], [-164.9948, 66.4152], [-164.7004, 66.5452], [-164.4025, 66.5811], [-163.8893, 66.5935], [-163.76, 66.5516], [-163.8785, 66.3824], [-163.8282, 66.275], [-163.9287, 66.2159], [-163.7529, 66.0666], [-163.5016, 66.0832], [-163.096, 66.0628], [-162.7479, 66.0875], [-162.371, 66.0279], [-162.1377, 66.0789], [-161.9331, 66.0354], [-161.8792, 65.9618], [-161.5526, 66.2395], [-160.9819, 66.2304], [-161.1255, 66.3292], [-161.5239, 66.3964], [-161.9008, 66.3572], [-161.8828, 66.5129], [-162.1987, 66.6972], [-162.5074, 66.738], [-162.6186, 66.8465], [-162.4894, 66.9437], [-162.3279, 66.9459], [-162.0192, 66.7799], [-162.0695, 66.6456], [-161.908, 66.543], [-161.5742, 66.4383], [-161.1757, 66.5371], [-160.7917, 66.3679], [-160.2497, 66.3856], [-160.2174, 66.521], [-160.3574, 66.608], [-160.6553, 66.5881], [-160.8168, 66.6547], [-161.1363, 66.6408], [-161.2978, 66.5205], [-161.4844, 66.5258], [-161.8792, 66.7144], [-161.7967, 66.8787], [-161.6495, 66.9545], [-161.4772, 66.9593], [-161.811, 67.0495], [-162.4643, 66.9819], [-162.7407, 67.0528], [-162.9453, 67.0297], [-163.6811, 67.1038], [-163.8785, 67.4159], [-164.0938, 67.5926], [-164.521, 67.721], [-165.3609, 68.0282], [-165.971, 68.1416], [-166.312, 68.2909], [-166.8038, 68.3548], [-166.33, 68.3989], [-166.1864, 68.7786], [-166.2295, 68.8732], [-165.3465, 68.8571], [-164.2984, 68.9274], [-163.9754, 68.9849], [-163.5339, 69.1418], [-163.175, 69.3641], [-163.0206, 69.5344], [-163.1176, 69.5892], [-162.9166, 69.6923], [-163.0386, 69.7273], [-162.4715, 69.9829], [-162.4535, 70.0442], [-162.1628, 70.1527], [-161.8649, 70.3079], [-161.6567, 70.2386], [-161.8828, 70.2365], [-161.8469, 70.1586], [-162.0695, 70.1548], [-161.8541, 70.1468], [-161.6244, 70.2408], [-161.4162, 70.2343], [-160.7414, 70.3708], [-160.1241, 70.6012], [-159.9015, 70.5872], [-159.9015, 70.4777], [-160.1133, 70.3192], [-159.8764, 70.3767], [-159.8046, 70.4825], [-159.9087, 70.6162], [-160.1061, 70.6184], [-159.6503, 70.7946], [-159.155, 70.8596], [-159.3452, 70.8053], [-158.9899, 70.7656], [-158.1069, 70.8247], [-157.7731, 70.8757], [-157.2491, 71.0519], [-156.8148, 71.2866], [-156.6317, 71.3419], [-156.402, 71.2678], [-156.0754, 71.2426], [-156.1184, 71.1598], [-155.7416, 71.1948], [-155.5118, 71.0803], [-155.7344, 70.9815], [-156.0574, 70.959], [-156.0, 70.8311], [-155.4831, 70.8279], [-155.5047, 70.9434], [-154.8227, 71.0932], [-154.5679, 70.9944], [-154.6648, 70.8854], [-154.173, 70.7688], [-153.9254, 70.8811], [-153.1357, 70.923], [-152.7481, 70.8612], [-152.5794, 70.8843], [-152.224, 70.8268], [-152.4753, 70.6839], [-152.425, 70.6087], [-152.0625, 70.5808], [-152.6045, 70.5437], [-151.6964, 70.5513], [-151.8831, 70.4309], [-151.5744, 70.439], [-151.2155, 70.3611], [-151.1293, 70.439], [-150.6833, 70.453], [-150.6986, 70.3428], [-150.1028, 70.4315], [-149.8695, 70.511], [-149.166, 70.4879], [-148.8465, 70.396], [-148.4912, 70.3675], [-148.4696, 70.3133], [-148.2148, 70.3466], [-147.7913, 70.2284], [-147.1847, 70.15], [-146.535, 70.1849], [-146.0002, 70.1301], [-145.8459, 70.164], [-145.2536, 69.9899], [-144.6219, 69.9695], [-144.4927, 70.0184], [-143.2149, 70.1135], [-142.7519, 70.0426], [-142.3643, 69.9319], [-142.2386, 69.8492], [-141.6966, 69.7724], [-141.3736, 69.6338], [-141.2085, 69.6843], [-141.0039, 69.6456], [-141.0039, 60.3061], [-140.5229, 60.2196], [-140.4619, 60.3083], [-139.981, 60.182], [-139.6938, 60.3351], [-139.0765, 60.3523], [-139.2021, 60.088], [-139.0549, 59.9946], [-138.7068, 59.9065], [-138.6278, 59.7684], [-137.6084, 59.2436], [-137.5043, 58.9853], [-137.5295, 58.9063], [-137.9458, 58.8021], [-137.9745, 58.9004], [-138.2186, 59.0368], [-138.5237, 59.1067], [-138.4663, 59.1872], [-138.6816, 59.1588], [-139.8625, 59.5466], [-139.6974, 59.5933], [-139.5215, 59.6862], [-139.622, 59.9011], [-139.4497, 59.9758], [-139.5108, 60.0558], [-139.7836, 59.827], [-140.3112, 59.6975], [-140.8639, 59.7373], [-141.449, 59.8839], [-141.2588, 59.9956], [-141.3916, 60.1654], [-141.5279, 60.1192], [-141.37, 60.0279], [-141.5926, 59.964], [-142.5868, 60.088], [-142.9134, 60.0902], [-143.6492, 60.0359], [-143.8897, 59.9962], [-144.2594, 60.1482], [-144.2343, 60.1837], [-144.5968, 60.182], [-144.6973, 60.2707], [-144.9414, 60.2938], [-144.787, 60.4963], [-144.8014, 60.6123], [-144.9988, 60.5285], [-145.1172, 60.4205], [-145.3362, 60.3367], [-145.4905, 60.4173], [-145.7346, 60.4737], [-145.95, 60.4544], [-145.609, 60.6585], [-146.011, 60.6177], [-145.9177, 60.7084], [-146.1904, 60.6252], [-146.2658, 60.651], [-146.0612, 60.7342], [-146.3197, 60.7681], [-146.4309, 60.688], [-146.6678, 60.6934], [-146.1725, 60.8476], [-146.2335, 60.89], [-146.352, 60.8175], [-146.5494, 60.81], [-146.7396, 60.9083], [-146.6212, 61.0807], [-146.2443, 61.0839], [-146.3197, 61.1355], [-146.6463, 61.1065], [-146.8904, 60.9614], [-147.1021, 61.0119], [-147.2277, 60.9937], [-147.3713, 60.8825], [-147.5185, 60.8948], [-147.4934, 61.0678], [-147.5651, 61.0635], [-147.7518, 60.8282], [-148.0676, 60.9324], [-147.9384, 61.0791], [-147.7697, 61.1838], [-147.7231, 61.2773], [-147.9994, 61.0904], [-148.0748, 61.0044], [-148.1789, 61.1167], [-148.3943, 60.9996], [-148.1717, 61.071], [-148.2902, 60.9518], [-148.3189, 60.8341], [-148.4984, 60.8067], [-148.6599, 60.7273], [-148.6599, 60.6671], [-148.5055, 60.7686], [-148.3943, 60.7799], [-148.3871, 60.6773], [-148.283, 60.7536], [-148.1897, 60.6123], [-148.3333, 60.5301], [-148.4804, 60.5742], [-148.6599, 60.4984], [-148.6671, 60.4581], [-148.4553, 60.5452], [-148.2722, 60.4904], [-148.0856, 60.5946], [-147.9671, 60.4157], [-148.2327, 60.3512], [-148.2758, 60.2492], [-148.1107, 60.2067], [-148.3081, 60.116], [-148.3333, 60.1638], [-148.4445, 59.9435], [-148.5558, 60.0263], [-148.5882, 59.9975], [-148.5917, 59.9387], [-148.6742, 59.921], [-149.1229, 59.9683], [-149.0296, 60.0435], [-149.166, 60.0349], [-149.2772, 59.9135], [-149.3454, 60.0768], [-149.4388, 60.1203], [-149.4208, 59.9828], [-149.6362, 59.8973], [-149.7331, 59.9527], [-149.7654, 59.7029], [-149.9951, 59.7797], [-149.9484, 59.6529], [-150.092, 59.6513], [-150.0848, 59.5783], [-150.4079, 59.4606], [-150.2894, 59.6465], [-150.4796, 59.4585], [-150.6125, 59.538], [-150.6053, 59.4257], [-150.7417, 59.4247], [-151.0109, 59.2093], [-151.0432, 59.3226], [-151.1114, 59.2173], [-151.3949, 59.2479], [-151.7538, 59.1593], [-151.98, 59.2538], [-151.8867, 59.4247], [-151.6462, 59.4859], [-151.4559, 59.4671], [-151.4452, 59.5375], [-151.1796, 59.5896], [-151.2047, 59.6347], [-150.9319, 59.7915], [-151.0683, 59.7931], [-151.5062, 59.6341], [-151.8328, 59.7201], [-151.8687, 59.7786], [-151.7036, 60.0338], [-151.42, 60.2132], [-151.3842, 60.362], [-151.3016, 60.384], [-151.2657, 60.5468], [-151.4129, 60.7213], [-151.0611, 60.7874], [-150.7094, 60.9378], [-150.4007, 61.0361], [-150.2786, 60.9561], [-150.0633, 60.9126], [-149.7726, 60.9674], [-149.6469, 60.9238], [-149.2521, 60.8965], [-149.0439, 60.8417], [-149.1983, 60.9453], [-149.3634, 60.9287], [-149.7403, 61.0173], [-150.0741, 61.1538], [-149.9377, 61.2059], [-149.7151, 61.3788], [-149.2413, 61.4787], [-149.3813, 61.511], [-149.6469, 61.4862], [-149.8766, 61.3879], [-149.9879, 61.2375], [-150.4509, 61.244], [-150.6663, 61.3101], [-150.7165, 61.251], [-150.975, 61.1919], [-151.1473, 61.0608], [-151.4811, 61.0109], [-151.7969, 60.8632], [-151.7036, 60.7326], [-151.8508, 60.7541], [-152.1056, 60.593], [-152.3138, 60.5065], [-152.2348, 60.3942], [-152.5614, 60.2229], [-152.9383, 60.2449], [-152.6799, 60.167], [-152.5722, 60.052], [-152.705, 59.9151], [-152.8091, 59.8785], [-153.2219, 59.864], [-153.2793, 59.8109], [-153.0245, 59.834], [-153.0568, 59.6916], [-153.2147, 59.6341], [-153.3654, 59.6938], [-153.4588, 59.7964], [-153.4624, 59.6556], [-153.588, 59.5514], [-153.7962, 59.5326], [-153.728, 59.4386], [-154.1048, 59.3441], [-154.1802, 59.1233], [-154.1623, 59.0159], [-154.0618, 59.0723], [-153.6992, 59.0739], [-153.5485, 58.9836], [-153.3331, 58.9213], [-153.3083, 58.8554], [-153.2542, 58.8558], [-153.3331, 58.8553], [-153.4444, 58.7092], [-153.6669, 58.6136], [-153.8967, 58.6066], [-153.9613, 58.4879], [-154.0869, 58.4857], [-153.99, 58.3917], [-154.3525, 58.2821], [-154.1479, 58.3144], [-154.1479, 58.2316], [-154.3776, 58.0973], [-154.6109, 58.1226], [-154.5679, 58.0259], [-155.0237, 58.0259], [-155.0991, 57.8653], [-155.2534, 57.8777], [-155.2857, 57.7589], [-155.3898, 57.7176], [-155.6231, 57.7879], [-155.5944, 57.6617], [-155.7057, 57.6418], [-155.7344, 57.55], [-156.0431, 57.5645], [-156.0251, 57.4399], [-156.1364, 57.4721], [-156.341, 57.4178], [-156.5563, 57.2803], [-156.3661, 57.3217], [-156.3589, 57.16], [-156.6173, 57.044], [-156.5491, 56.9865], [-156.7466, 56.9967], [-156.804, 56.9059], [-156.8901, 56.9532], [-157.0875, 56.8195], [-157.1844, 56.8576], [-157.2024, 56.7674], [-157.3783, 56.8619], [-157.4752, 56.8248], [-157.5434, 56.6755], [-157.4644, 56.6255], [-157.6798, 56.6094], [-157.7408, 56.676], [-157.9095, 56.6443], [-158.1248, 56.5294], [-157.8485, 56.5638], [-157.8592, 56.4762], [-158.1356, 56.5235], [-158.1284, 56.4612], [-158.3294, 56.4843], [-158.6417, 56.2662], [-158.3294, 56.3258], [-158.2038, 56.293], [-158.3761, 56.2291], [-158.4371, 55.9933], [-158.5125, 55.9794], [-158.595, 56.083], [-158.552, 56.1759], [-158.6812, 56.1077], [-158.6381, 55.9863], [-158.8642, 56.0046], [-159.0078, 55.8907], [-159.076, 55.9251], [-159.3524, 55.8778], [-159.4098, 55.7897], [-159.4529, 55.8966], [-159.5498, 55.873], [-159.496, 55.7597], [-159.5642, 55.6383], [-159.7113, 55.6597], [-159.618, 55.8128], [-159.8226, 55.8563], [-159.9769, 55.8144], [-160.0559, 55.699], [-160.3969, 55.6028], [-160.5369, 55.4755], [-160.6122, 55.5808], [-160.6661, 55.4605], [-160.7845, 55.4519], [-160.8671, 55.5271], [-160.9963, 55.44], [-161.2368, 55.3568], [-161.506, 55.3627], [-161.4844, 55.49], [-161.3588, 55.5797], [-161.4162, 55.6323], [-161.5885, 55.62], [-161.7177, 55.5034], [-161.6854, 55.4078], [-161.8792, 55.2273], [-162.0336, 55.2397], [-161.9654, 55.1065], [-162.0623, 55.0732], [-162.1807, 55.1543], [-162.1879, 55.0608], [-162.4105, 55.0334], [-162.5253, 55.1156], [-162.5181, 55.2542], [-162.7191, 55.258], [-162.6115, 55.1725], [-162.6545, 55.0033], [-162.7802, 54.9319], [-162.9201, 54.9518], [-163.0135, 55.085], [-163.2001, 55.1317], [-163.2252, 55.0388], [-163.0278, 54.9491], [-163.3544, 54.81], [-163.297, 54.9743], [-163.315, 55.0855], [-163.2037, 55.165], [-162.8663, 55.1822], [-162.8842, 55.2687], [-162.755, 55.2956], [-162.6545, 55.3793], [-162.5146, 55.3734], [-162.5576, 55.4701], [-162.2561, 55.6968], [-161.811, 55.8918], [-161.3229, 55.9724], [-161.0752, 55.9423], [-160.8778, 56.0014], [-160.8599, 55.9332], [-161.0322, 55.8982], [-160.7917, 55.7253], [-160.7917, 55.8794], [-160.5081, 55.8692], [-160.4471, 55.7844], [-160.2605, 55.7661], [-160.2282, 55.8375], [-160.5189, 55.9407], [-160.5692, 56.0041], [-160.3394, 56.2914], [-159.8298, 56.5439], [-159.3273, 56.6701], [-158.8965, 56.8796], [-158.8965, 56.8023], [-158.6202, 56.7588], [-158.692, 56.9785], [-158.3151, 57.2879], [-158.1105, 57.3534], [-157.9346, 57.4764], [-157.7228, 57.5661], [-157.5577, 57.4657], [-157.6008, 57.6225], [-157.6941, 57.6112], [-157.7049, 57.7219], [-157.5865, 58.121], [-157.407, 58.172], [-157.5506, 58.28], [-157.4824, 58.4809], [-157.0481, 58.7221], [-156.987, 58.8886], [-157.0301, 58.9557], [-157.1629, 58.8601], [-158.1428, 58.6152], [-158.3151, 58.6522], [-158.351, 58.7274], [-158.5699, 58.8026], [-158.5125, 58.8547], [-158.5017, 59.0358], [-158.6202, 58.9133], [-158.7673, 58.8848], [-158.7925, 58.7387], [-159.0868, 58.8392], [-158.9073, 58.7591], [-158.6991, 58.4911], [-158.796, 58.4078], [-159.0509, 58.4175], [-159.3955, 58.7623], [-159.6503, 58.8424], [-159.5857, 58.8956], [-159.7544, 58.9262], [-159.7975, 58.808], [-159.9087, 58.7774], [-160.0559, 58.8854], [-160.2497, 58.8918], [-160.2533, 58.989], [-160.3789, 59.0556], [-160.8455, 58.8676], [-161.0394, 58.8397], [-161.3409, 58.7355], [-161.3911, 58.6565], [-161.7608, 58.5512], [-161.7177, 58.6162], [-162.0695, 58.6205], [-162.1736, 58.6495], [-161.8362, 58.6812], [-161.7536, 58.8096], [-161.7859, 58.9595], [-161.5526, 59.1093], [-161.811, 59.1179], [-161.9008, 59.0793], [-162.0264, 59.2248], [-161.951, 59.3806], [-161.7105, 59.4993], [-161.8649, 59.6325], [-161.9654, 59.798], [-162.0946, 59.8855], [-162.2382, 60.0918], [-162.1879, 60.1563], [-162.4643, 60.3056], [-162.3243, 60.3733], [-162.2238, 60.5742], [-162.2669, 60.608], [-162.4212, 60.4141], [-162.5827, 60.3212], [-162.5576, 60.2196], [-162.4535, 60.1933], [-162.5074, 59.9994], [-162.7658, 59.9935], [-162.773, 59.943], [-163.2109, 59.8404], [-163.5626, 59.8012], [-163.9323, 59.8039], [-164.101, 59.8324], [-164.2123, 59.9489], [-164.119, 59.9736], [-164.3846, 60.0762], [-164.6681, 60.2959], [-164.6407, 60.3404]], [[-148.5882, 59.9975], [-148.563, 60.4227], [-148.5882, 59.9975], [-148.5882, 59.9975]]], [[[-164.6407, 60.3404], [-164.7435, 60.2911], [-164.966, 60.3394], [-165.1311, 60.4307], [-164.9696, 60.5398], [-165.1922, 60.4979], [-165.3716, 60.5086], [-164.966, 60.724], [-165.045, 60.7874], [-164.8655, 60.868], [-164.6394, 60.8997], [-164.6933, 60.8315], [-164.2625, 60.7896], [-164.2051, 60.6773], [-164.521, 60.5457], [-164.5246, 60.5441], [-164.4378, 60.4888], [-164.5892, 60.449], [-164.6407, 60.3404]]], [[[-131.7256, 55.6323], [-131.7148, 55.837], [-131.5497, 55.8332], [-131.6, 55.8999], [-131.2554, 55.9724], [-131.0687, 55.8284], [-130.9431, 55.6248], [-131.0652, 55.2601], [-131.2123, 55.1924], [-131.3236, 55.2644], [-131.46, 55.2768], [-131.2805, 55.4298], [-131.3128, 55.454], [-131.5533, 55.2945], [-131.8369, 55.4497], [-131.6323, 55.6017], [-131.7256, 55.6323]]], [[[-134.9488, 58.8367], [-135.0241, 58.7323], [-135.1534, 58.8563], [-135.1785, 58.974], [-135.3544, 59.3409], [-135.0349, 59.3462], [-134.9595, 59.2807], [-134.7011, 59.249], [-134.6832, 59.1921], [-134.4858, 59.1314], [-134.2632, 58.8612], [-133.8433, 58.7296], [-133.7069, 58.6125], [-133.3803, 58.4304], [-133.4664, 58.3879], [-133.1757, 58.1527], [-133.6279, 57.8417], [-133.7248, 57.8014], [-133.8504, 57.9512], [-134.0658, 58.0984], [-134.0766, 58.2778], [-133.9725, 58.3181], [-134.0156, 58.4003], [-134.1448, 58.3063], [-134.1017, 58.2477], [-134.2201, 58.2042], [-134.5216, 58.3563], [-134.7334, 58.3745], [-134.7873, 58.4954], [-134.9488, 58.6624], [-134.9488, 58.8367]], [[-134.9488, 58.8367], [-134.9416, 58.8467], [-134.9488, 58.8968], [-134.9488, 58.8367]], [[-134.9488, 58.8968], [-134.9488, 58.9713], [-134.9595, 58.9718], [-134.9488, 58.8968]]], [[[-131.7507, 55.129], [-131.8297, 55.1919], [-131.8548, 55.4229], [-131.6574, 55.3219], [-131.7507, 55.129]]], [[[-134.2883, 58.1924], [-134.5791, 58.2284], [-134.676, 58.3122], [-134.5396, 58.345], [-134.2883, 58.1924]]], [[[-134.7083, 58.2252], [-134.7011, 58.1613], [-134.5611, 58.1951], [-134.3386, 58.1296], [-134.676, 58.027], [-134.7621, 58.0963], [-134.7442, 58.1903], [-134.7083, 58.2252]]], [[[-135.0959, 58.2365], [-135.2826, 58.2338], [-135.3938, 58.3235], [-135.4979, 58.4997], [-135.3185, 58.5007], [-135.4046, 58.6162], [-135.541, 58.693], [-135.7492, 58.7285], [-135.5913, 58.9879], [-135.7025, 59.104], [-135.8999, 59.1738], [-136.4922, 59.2597], [-136.4814, 59.466], [-136.3055, 59.4644], [-136.2445, 59.5595], [-136.3558, 59.5998], [-135.9538, 59.6621], [-135.7205, 59.7287], [-135.3867, 59.3527], [-135.4549, 59.22], [-135.5661, 59.2447], [-135.3867, 59.1018], [-135.4046, 58.9681], [-135.2467, 58.7806], [-135.2072, 58.6377], [-135.06, 58.3493], [-135.0959, 58.2365]]], [[[-135.1103, 57.76], [-134.938, 57.7616], [-134.8555, 57.5989], [-134.8734, 57.4657], [-135.0959, 57.4662], [-135.6164, 57.6988], [-135.8497, 57.7665], [-135.5661, 57.5935], [-135.5482, 57.4748], [-135.7133, 57.3679], [-136.1584, 57.6445], [-136.2014, 57.7708], [-136.3127, 57.7906], [-136.3558, 57.832], [-136.0292, 57.8358], [-135.8999, 58.0012], [-135.7707, 57.9212], [-135.5769, 57.8836], [-135.2359, 57.7036], [-135.1103, 57.76]]], [[[-135.3687, 57.2486], [-135.541, 57.2368], [-135.6882, 57.3711], [-135.4872, 57.3566], [-135.6092, 57.4098], [-135.4477, 57.557], [-135.3508, 57.4748], [-135.2144, 57.4888], [-135.0098, 57.3985], [-134.8483, 57.4098], [-134.8124, 57.2997], [-134.9165, 57.3394], [-134.8124, 57.1794], [-134.6329, 56.7287], [-134.6652, 56.1679], [-134.8124, 56.2409], [-135.1462, 56.6782], [-135.0529, 56.7335], [-135.2144, 56.726], [-135.1821, 56.813], [-135.3795, 56.8195], [-135.3867, 56.9419], [-135.2575, 57.0316], [-135.4046, 57.0982], [-135.3687, 57.2486]]], [[[-135.8246, 56.9881], [-135.8497, 57.0907], [-135.7312, 57.1697], [-135.8353, 57.1777], [-135.8497, 57.3378], [-135.6989, 57.3228], [-135.5661, 57.1493], [-135.6307, 57.0134], [-135.8246, 56.9881]]], [[[-150.616, 70.4196], [-150.6663, 70.4535], [-150.7668, 70.4943], [-150.4796, 70.4981], [-150.616, 70.4196]]], [[[-144.604, 59.7969], [-144.4137, 59.9371], [-144.2163, 59.9946], [-144.604, 59.7969]]], [[[-146.2909, 60.5156], [-145.7992, 60.5946], [-145.8207, 60.55], [-146.2227, 60.4501], [-146.2909, 60.5156]]], [[[-146.6104, 60.4818], [-146.395, 60.4823], [-146.3591, 60.4152], [-146.0899, 60.3862], [-146.3089, 60.3426], [-146.6355, 60.2331], [-146.7037, 60.2782], [-146.4848, 60.3625], [-146.7217, 60.3421], [-146.6104, 60.4818]]], [[[-146.9442, 60.3158], [-147.0052, 60.2325], [-147.2026, 60.1509], [-147.4934, 59.9403], [-147.4431, 59.8737], [-147.8738, 59.7647], [-147.881, 59.8646], [-147.4323, 60.0961], [-147.1667, 60.3163], [-146.9442, 60.3158]]], [[[-148.1358, 60.7912], [-148.0748, 60.9281], [-147.9133, 60.825], [-148.0353, 60.7831], [-148.1358, 60.7912]]], [[[-148.0246, 60.7251], [-147.8451, 60.6945], [-147.9312, 60.6558], [-148.0246, 60.7251]]], [[[-147.7267, 60.5027], [-147.6118, 60.4248], [-147.759, 60.1563], [-147.9133, 60.2583], [-147.7267, 60.5027]]], [[[-148.2148, 60.7573], [-148.1107, 60.7391], [-148.1717, 60.6273], [-148.2148, 60.7573]]], [[[-148.161, 60.0123], [-147.9743, 60.16], [-147.8954, 60.0988], [-148.161, 60.0123]]], [[[-148.0425, 59.9376], [-147.8882, 60.0655], [-147.9061, 59.9715], [-148.0425, 59.9376]]], [[[-148.2974, 60.0891], [-148.0569, 60.1794], [-148.1789, 60.0247], [-148.2722, 60.0134], [-148.2974, 60.0891]]], [[[-150.6914, 59.4161], [-150.616, 59.3672], [-150.7273, 59.2877], [-150.6914, 59.4161]]], [[[-151.84, 60.485], [-152.0733, 60.34], [-151.9261, 60.5145], [-151.84, 60.485]]], [[[-152.1989, 58.3358], [-151.9692, 58.3256], [-151.9943, 58.2085], [-152.0805, 58.1548], [-152.3281, 58.2472], [-152.2779, 58.1258], [-152.5686, 58.1145], [-152.784, 58.0651], [-152.784, 57.9942], [-153.0245, 58.0452], [-153.0927, 58.0888], [-153.229, 58.1623], [-153.1716, 58.2166], [-152.8522, 58.1586], [-153.1034, 58.258], [-153.0496, 58.2977], [-152.784, 58.2762], [-152.8881, 58.4003], [-152.6583, 58.4814], [-152.4825, 58.4599], [-152.382, 58.3117], [-152.3138, 58.4202], [-152.1989, 58.3358]]], [[[-152.6296, 58.4954], [-152.6548, 58.5695], [-152.3461, 58.6329], [-152.4825, 58.4701], [-152.6296, 58.4954]]], [[[-153.3403, 59.3586], [-153.5198, 59.3199], [-153.5198, 59.3876], [-153.3403, 59.3586]]], [[[-152.4322, 57.9759], [-152.364, 57.8841], [-152.5255, 57.9217], [-152.4322, 57.9759]]], [[[-154.1209, 56.9868], [-154.1228, 56.9564], [-154.2592, 56.9355], [-154.5248, 56.9919], [-154.532, 57.1836], [-154.6181, 57.268], [-154.7401, 57.2766], [-154.7976, 57.3486], [-154.6289, 57.5102], [-154.3597, 57.6408], [-154.0079, 57.6461], [-153.99, 57.55], [-153.7854, 57.3195], [-153.8213, 57.5355], [-153.7351, 57.5505], [-153.8823, 57.6295], [-153.6921, 57.6735], [-153.9002, 57.7084], [-153.9397, 57.8132], [-153.7172, 57.8857], [-153.5736, 57.8341], [-153.5557, 57.7224], [-153.4803, 57.8417], [-153.2111, 57.7928], [-153.2111, 57.7982], [-153.2362, 57.8938], [-153.0424, 57.8164], [-153.2721, 57.9588], [-152.9383, 57.9523], [-152.8019, 57.9147], [-152.9024, 57.8304], [-152.7337, 57.818], [-152.6368, 57.9185], [-152.4645, 57.8922], [-152.3389, 57.8127], [-152.4861, 57.7197], [-152.4681, 57.5989], [-152.1558, 57.6171], [-152.3461, 57.4211], [-152.4932, 57.4227], [-152.7481, 57.5059], [-152.8881, 57.4861], [-152.6189, 57.4017], [-152.7086, 57.276], [-152.8199, 57.2664], [-153.0137, 57.34], [-152.9491, 57.2503], [-153.2362, 57.2261], [-153.4588, 57.1117], [-153.5808, 57.0934], [-153.6418, 57.0166], [-153.5449, 56.9946], [-153.9002, 56.769], [-154.1371, 56.7421], [-154.0689, 56.8452], [-153.8536, 56.9629], [-153.9684, 56.9564], [-153.8895, 57.1176], [-154.0797, 56.9704], [-154.1209, 56.9868]], [[-154.1209, 56.9868], [-154.1169, 57.0491], [-154.1443, 56.9962], [-154.1209, 56.9868]], [[-154.1169, 57.0491], [-154.0797, 57.1208], [-154.2305, 57.1611], [-154.4709, 57.1251], [-154.3848, 57.0483], [-154.3022, 57.1095], [-154.112, 57.1267], [-154.1169, 57.0491]]], [[[-153.4193, 58.0592], [-153.2649, 58.1452], [-153.1107, 58.0947], [-152.9563, 57.9813], [-153.2362, 58.0501], [-153.4193, 58.0592]]], [[[-153.2131, 57.8008], [-153.5126, 57.9093], [-153.4767, 57.9776], [-153.2901, 57.904], [-153.2131, 57.8008]]], [[[-153.186, 57.0929], [-153.308, 56.9908], [-153.3906, 57.1063], [-153.2147, 57.2089], [-152.8701, 57.152], [-153.186, 57.0929]]], [[[-162.5648, 63.5371], [-162.7048, 63.5747], [-162.4105, 63.6359], [-162.3853, 63.5559], [-162.5648, 63.5371]]], [[[-153.8823, 56.5659], [-154.051, 56.4966], [-154.0689, 56.5466], [-153.8823, 56.5659]]], [[[-154.1623, 56.5079], [-154.3453, 56.5101], [-154.2233, 56.6132], [-154.0797, 56.5831], [-154.1623, 56.5079]]], [[[-154.5427, 56.5922], [-154.4709, 56.5122], [-154.7617, 56.4026], [-154.6935, 56.5262], [-154.5427, 56.5922]]], [[[-155.5549, 55.8821], [-155.598, 55.7392], [-155.7487, 55.8021], [-155.5549, 55.8821]]], [[[-157.0804, 56.5788], [-157.1988, 56.5219], [-157.2491, 56.5826], [-157.0804, 56.5788]]], [[[-161.0752, 58.5469], [-161.0573, 58.6979], [-160.6984, 58.7951], [-160.885, 58.576], [-161.0752, 58.5469]]], [[[-171.4339, 63.3077], [-171.7426, 63.369], [-171.8539, 63.4861], [-171.7426, 63.6547], [-171.7426, 63.7837], [-171.4914, 63.594], [-171.2437, 63.615], [-170.9781, 63.5634], [-170.4792, 63.6982], [-170.2854, 63.6859], [-170.0951, 63.6134], [-170.0341, 63.4769], [-169.6465, 63.4281], [-169.5567, 63.3615], [-169.0076, 63.3443], [-168.6881, 63.2959], [-168.8532, 63.1493], [-169.3055, 63.1847], [-169.5639, 63.0547], [-169.6393, 62.9382], [-169.9085, 63.1461], [-170.2674, 63.1874], [-170.2387, 63.2728], [-170.5905, 63.3937], [-170.8668, 63.4565], [-171.2437, 63.3921], [-171.4339, 63.3077]]], [[[-165.6875, 60.2916], [-165.7306, 60.1638], [-165.587, 59.9054], [-166.0213, 59.8646], [-166.1936, 59.7502], [-166.4341, 59.8581], [-166.6207, 59.8506], [-166.9976, 59.994], [-167.1124, 59.9892], [-167.4642, 60.2175], [-167.1124, 60.2384], [-166.8612, 60.2041], [-166.8361, 60.2712], [-166.4951, 60.3921], [-166.391, 60.3593], [-166.1326, 60.3953], [-166.0895, 60.3249], [-165.8849, 60.3437], [-165.6875, 60.2916]]], [[[-159.6359, 55.0377], [-159.5642, 55.1006], [-159.5857, 55.2123], [-159.496, 55.1398], [-159.6359, 55.0377]]], [[[-159.3919, 55.0447], [-159.3273, 54.9808], [-159.4529, 54.9416], [-159.3919, 55.0447]]], [[[-160.3287, 55.4443], [-160.1384, 55.4503], [-160.1492, 55.3772], [-160.3287, 55.4443]]], [[[-160.2282, 54.8642], [-160.1851, 54.9335], [-160.1741, 54.94], [-160.2282, 54.8642]]], [[[-160.1741, 54.94], [-160.0702, 55.085], [-160.0631, 55.2005], [-159.9015, 55.1511], [-159.9877, 55.0495], [-160.1741, 54.94]]], [[[-160.5261, 55.3187], [-160.3466, 55.3627], [-160.3358, 55.244], [-160.5261, 55.3187]]], [[[-160.4579, 55.1876], [-160.5261, 55.1312], [-160.7558, 55.1956], [-160.8204, 55.1188], [-160.8419, 55.3396], [-160.7307, 55.4105], [-160.6445, 55.3831], [-160.4579, 55.1876]]], [[[-161.8972, 55.1634], [-161.6388, 55.1264], [-161.7429, 55.0544], [-161.8972, 55.1634]]], [[[-162.4284, 54.8852], [-162.3279, 54.9851], [-162.2382, 54.9625], [-162.3171, 54.8282], [-162.4284, 54.8852]]], [[[-162.8412, 54.4495], [-162.7981, 54.4914], [-162.6115, 54.4538], [-162.6186, 54.3684], [-162.8412, 54.4495]]], [[[-163.4334, 54.7149], [-163.4226, 54.6547], [-163.5878, 54.608], [-163.8031, 54.6365], [-164.0867, 54.6204], [-164.3343, 54.5323], [-164.4169, 54.4318], [-164.6502, 54.391], [-164.8476, 54.4178], [-164.9337, 54.5989], [-164.7112, 54.6617], [-164.564, 54.8755], [-164.4348, 54.9324], [-164.2625, 54.9045], [-163.8964, 55.0393], [-163.5339, 55.0538], [-163.3221, 54.7498], [-163.1857, 54.7751], [-163.1319, 54.6934], [-163.4334, 54.7149]]], [[[-172.7189, 60.4297], [-172.4282, 60.3915], [-172.2918, 60.2954], [-172.5897, 60.3147], [-172.9415, 60.4775], [-173.0527, 60.4941], [-172.9522, 60.6037], [-172.8912, 60.5102], [-172.7189, 60.4297]]], [[[-165.2173, 54.0902], [-164.9409, 54.1369], [-165.045, 54.0665], [-165.2173, 54.0902]]], [[[-165.4829, 54.2975], [-165.5403, 54.2153], [-165.4147, 54.2121], [-165.5655, 54.1063], [-165.6803, 54.2637], [-165.4829, 54.2975]]], [[[-170.1131, 57.2427], [-170.2997, 57.1106], [-170.4218, 57.1922], [-170.1131, 57.2427]]], [[[-166.0464, 54.0445], [-166.1146, 54.1219], [-165.9818, 54.2212], [-165.7377, 54.146], [-165.6803, 54.0939], [-165.8849, 54.0343], [-166.0464, 54.0445]]], [[[-169.4706, 56.5998], [-169.589, 56.5369], [-169.7685, 56.6207], [-169.4706, 56.5998]]], [[[-167.1627, 53.6057], [-167.0012, 53.625], [-167.0514, 53.704], [-166.7104, 53.7292], [-167.0083, 53.7555], [-167.1519, 53.8291], [-167.0765, 53.9263], [-166.8899, 53.9897], [-166.6817, 54.0177], [-166.5956, 53.9586], [-166.6207, 53.8323], [-166.2797, 53.9828], [-166.2008, 53.9312], [-166.5956, 53.7158], [-166.33, 53.784], [-166.2797, 53.6868], [-166.5094, 53.6513], [-166.6638, 53.4853], [-166.793, 53.5138], [-167.0191, 53.458], [-167.658, 53.2399], [-167.8159, 53.3151], [-167.6939, 53.3881], [-167.5898, 53.3758], [-167.4785, 53.4467], [-167.3242, 53.4091], [-167.2919, 53.481], [-167.0694, 53.5111], [-167.1627, 53.6057]]], [[[-166.2115, 53.7056], [-166.312, 53.7872], [-166.1182, 53.8549], [-166.1146, 53.7759], [-166.2115, 53.7056]]], [[[-168.2359, 53.5278], [-168.0098, 53.5659], [-167.7872, 53.517], [-167.8411, 53.3865], [-168.2682, 53.2442], [-168.4584, 53.0567], [-168.724, 52.9439], [-169.0901, 52.8332], [-168.7671, 53.0889], [-168.7922, 53.1614], [-168.602, 53.2764], [-168.3472, 53.263], [-168.4405, 53.329], [-168.4154, 53.415], [-168.2359, 53.5278]]], [[[-169.9911, 52.8563], [-169.7075, 52.8864], [-169.7183, 52.7742], [-169.8547, 52.8268], [-169.9659, 52.7892], [-169.9911, 52.8563]]], [[[-170.7879, 52.5405], [-170.813, 52.6383], [-170.6335, 52.6973], [-170.6084, 52.6012], [-170.7879, 52.5405]]], [[[-172.4533, 52.3917], [-172.3061, 52.3294], [-172.5394, 52.2472], [-172.622, 52.2553], [-172.5825, 52.3493], [-172.4533, 52.3917]]], [[[-173.146, 52.063], [-173.4727, 52.0485], [-173.4978, 52.0232], [-173.688, 52.0737], [-173.8316, 52.0409], [-174.0398, 52.1156], [-173.8926, 52.1414], [-173.3542, 52.0855], [-173.1891, 52.1097], [-172.9594, 52.0941], [-173.146, 52.063]]], [[[-174.1582, 52.4196], [-173.9859, 52.2988], [-174.0649, 52.2257], [-174.1833, 52.2327], [-174.0828, 52.128], [-174.3915, 52.1038], [-174.4167, 52.0404], [-174.5782, 52.0689], [-174.6464, 52.0238], [-175.0161, 52.0334], [-175.095, 52.0007], [-175.1345, 52.0286], [-174.8868, 52.0984], [-174.7756, 52.0802], [-174.5172, 52.1382], [-174.2372, 52.2708], [-174.3664, 52.3133], [-174.3305, 52.3777], [-174.1582, 52.4196]]], [[[-176.0534, 52.1054], [-176.0713, 51.9679], [-176.2149, 52.0614], [-176.0534, 52.1054]]], [[[-175.9959, 51.9126], [-175.9672, 51.8465], [-176.1072, 51.8905], [-175.9959, 51.9126]]], [[[-176.2364, 51.8261], [-176.1718, 51.8798], [-176.1575, 51.7702], [-176.2364, 51.8261]]], [[[-176.3549, 51.7289], [-176.4231, 51.861], [-176.2867, 51.8701], [-176.2687, 51.7831], [-176.3549, 51.7289]]], [[[-176.6277, 51.8336], [-176.4661, 51.8545], [-176.4231, 51.745], [-176.5236, 51.7584], [-176.5774, 51.6886], [-176.8322, 51.6359], [-176.8358, 51.7229], [-176.9435, 51.5903], [-176.9866, 51.6606], [-176.8681, 51.7197], [-176.9112, 51.8078], [-176.7569, 51.8014], [-176.7748, 51.9657], [-176.5595, 51.9926], [-176.6277, 51.8336]]], [[[-177.1517, 51.7068], [-177.3922, 51.7337], [-177.7009, 51.7133], [-177.2809, 51.7842], [-177.2091, 51.8207], [-177.2019, 51.9314], [-177.1014, 51.9362], [-177.1517, 51.7068]]], [[[-177.6578, 51.818], [-177.8193, 51.789], [-177.9126, 51.5973], [-178.11, 51.6714], [-177.9557, 51.7229], [-178.2321, 51.8685], [-178.1962, 51.9045], [-177.9593, 51.9174], [-177.9234, 51.8524], [-177.6578, 51.818]]], [[[179.6457, 52.0264], [179.7677, 51.9738], [179.6134, 51.8717], [179.4842, 51.9206], [179.4842, 51.9829], [179.6457, 52.0264]]], [[[178.5904, 51.9453], [178.5007, 51.8997], [178.4469, 51.9776], [178.5904, 51.9453]]], [[[178.6586, 51.6198], [178.6514, 51.659], [178.9709, 51.5887], [179.2832, 51.3894], [179.2401, 51.3485], [178.9422, 51.5457], [178.6586, 51.6198]]], [[[177.4095, 51.9308], [177.3126, 51.8261], [177.2014, 51.8938], [177.3737, 51.9781], [177.4813, 51.9845], [177.5639, 52.121], [177.668, 52.1102], [177.5531, 51.9845], [177.5531, 51.9126], [177.4095, 51.9308]]], [[[172.9516, 52.9718], [173.106, 52.9933], [173.1742, 52.9138], [173.3034, 52.9213], [173.2998, 52.8193], [173.1742, 52.7908], [173.0557, 52.8311], [172.905, 52.7462], [172.7578, 52.8139], [172.7542, 52.8773], [172.6214, 52.8644], [172.6286, 52.9256], [172.4563, 52.9251], [172.643, 53.0051], [172.9516, 52.9718]]], [[[173.6803, 52.512], [173.7269, 52.3573], [173.6516, 52.3557], [173.6157, 52.3917], [173.3572, 52.4051], [173.6803, 52.512]]]]}}, {"id": "2", "type": "Feature", "properties": {"state_fips": "04", "name": "Arizona", "usps": "AZ"}, "geometry": {"type": "Polygon", "coordinates": [[[-114.8128, 32.4934], [-114.7985, 32.5949], [-114.7195, 32.7185], [-114.5257, 32.7566], [-114.4647, 32.9134], [-114.5149, 33.0262], [-114.6585, 33.0327], [-114.7087, 33.0891], [-114.6729, 33.2255], [-114.7303, 33.3056], [-114.7267, 33.4044], [-114.6262, 33.4366], [-114.5257, 33.551], [-114.497, 33.6966], [-114.5365, 33.9254], [-114.436, 34.0275], [-114.4324, 34.0877], [-114.2565, 34.1741], [-114.138, 34.3031], [-114.339, 34.4508], [-114.4683, 34.7108], [-114.637, 34.8746], [-114.6334, 35.0008], [-114.5723, 35.1373], [-114.5939, 35.3258], [-114.68, 35.4977], [-114.6549, 35.6153], [-114.7052, 35.7034], [-114.6621, 35.8699], [-114.7446, 35.9833], [-114.7554, 36.0891], [-114.6262, 36.1401], [-114.4108, 36.1466], [-114.235, 36.0128], [-114.1488, 36.023], [-114.0447, 36.1928], [-114.0519, 37.0006], [-111.4138, 37.0017], [-109.0448, 36.999], [-109.052, 31.3321], [-111.0764, 31.3321], [-113.334, 32.039], [-114.8128, 32.4934]]]}}, {"id": "3", "type": "Feature", "properties": {"state_fips": "05", "name": "Arkansas", "usps": "AR"}, "geometry": {"type": "Polygon", "coordinates": [[[-94.4867, 33.6381], [-94.4328, 35.3972], [-94.6195, 36.4995], [-92.771, 36.4979], [-90.1544, 36.4979], [-90.079, 36.4006], [-90.0646, 36.3007], [-90.1903, 36.2008], [-90.3769, 35.9956], [-89.7057, 36.0021], [-89.6447, 35.9043], [-89.7667, 35.8694], [-89.7057, 35.8184], [-89.9534, 35.7362], [-89.8601, 35.6293], [-89.9534, 35.596], [-89.9103, 35.538], [-89.9965, 35.5611], [-90.0503, 35.5041], [-90.0431, 35.3962], [-90.0539, 35.3892], [-90.0862, 35.4789], [-90.1436, 35.4343], [-90.0754, 35.3843], [-90.1652, 35.2963], [-90.0718, 35.2216], [-90.0826, 35.1228], [-90.1723, 35.1179], [-90.2118, 35.0261], [-90.3087, 34.9954], [-90.2441, 34.9122], [-90.3051, 34.8601], [-90.4092, 34.8332], [-90.4667, 34.8907], [-90.4631, 34.6925], [-90.5815, 34.6409], [-90.5743, 34.4137], [-90.7538, 34.3686], [-90.7394, 34.3063], [-90.8507, 34.2074], [-90.9368, 34.2348], [-90.9548, 34.1188], [-90.901, 34.0248], [-91.0912, 33.9625], [-91.0194, 33.9163], [-91.0732, 33.8567], [-90.9871, 33.7852], [-91.145, 33.7691], [-91.2204, 33.6617], [-91.1343, 33.5935], [-91.2312, 33.5612], [-91.2132, 33.5285], [-91.2348, 33.4393], [-91.1414, 33.3469], [-91.084, 33.1444], [-91.1881, 33.1407], [-91.1235, 33.0638], [-91.1666, 33.0042], [-94.0416, 33.0187], [-94.0452, 33.5516], [-94.2354, 33.5897], [-94.3862, 33.5435], [-94.4867, 33.6381]]]}}, {"id": "4", "type": "Feature", "properties": {"state_fips": "06", "name": "California", "usps": "CA"}, "geometry": {"type": "MultiPolygon", "coordinates": [[[[-121.5751, 36.0246], [-121.715, 36.1944], [-121.8981, 36.3045], [-121.9771, 36.5784], [-121.8227, 36.6569], [-121.8048, 36.8551], [-121.8837, 36.9496], [-122.1063, 36.9544], [-122.2929, 37.1075], [-122.4221, 37.2391], [-122.4006, 37.36], [-122.4509, 37.4803], [-122.5155, 37.5174], [-122.5119, 37.7752], [-122.415, 37.8101], [-122.3611, 37.5926], [-122.2606, 37.5727], [-122.117, 37.4658], [-121.9878, 37.4626], [-122.1135, 37.5029], [-122.1601, 37.6656], [-122.3288, 37.7989], [-122.3109, 37.8977], [-122.397, 37.9525], [-122.2463, 38.0583], [-122.1565, 38.0239], [-122.0309, 38.0578], [-121.7797, 38.0148], [-121.6038, 38.1007], [-121.5822, 38.0406], [-121.5751, 38.1088], [-121.6792, 38.0932], [-121.6576, 38.1824], [-121.7976, 38.0631], [-121.9089, 38.0502], [-122.056, 38.1335], [-122.1314, 38.0438], [-122.2427, 38.0717], [-122.2929, 38.1566], [-122.2499, 38.0814], [-122.4114, 38.1577], [-122.4972, 38.1145], [-122.5083, 37.9288], [-122.4401, 37.8805], [-122.5298, 37.8193], [-122.817, 37.9933], [-122.939, 38.0373], [-123.0072, 38.0089], [-122.9569, 38.1185], [-123.0072, 38.2963], [-123.1292, 38.4499], [-123.2549, 38.5122], [-123.743, 38.9505], [-123.6927, 39.0225], [-123.8291, 39.3469], [-123.7717, 39.5333], [-123.8543, 39.8309], [-124.1127, 40.1027], [-124.3639, 40.2596], [-124.4106, 40.439], [-124.2742, 40.6995], [-124.1558, 40.8085], [-124.224, 40.7586], [-124.1271, 40.9498], [-124.1629, 41.0701], [-124.1055, 41.2286], [-124.0696, 41.4649], [-124.1558, 41.7314], [-124.2563, 41.7808], [-124.2132, 41.9983], [-121.4458, 41.9967], [-119.9994, 41.9951], [-119.9994, 38.9989], [-114.6334, 35.0008], [-114.637, 34.8746], [-114.4683, 34.7108], [-114.339, 34.4508], [-114.138, 34.3031], [-114.2565, 34.1741], [-114.4324, 34.0877], [-114.436, 34.0275], [-114.5365, 33.9254], [-114.497, 33.6966], [-114.5257, 33.551], [-114.6262, 33.4366], [-114.7267, 33.4044], [-114.7303, 33.3056], [-114.6729, 33.2255], [-114.7087, 33.0891], [-114.6585, 33.0327], [-114.5149, 33.0262], [-114.4647, 32.9134], [-114.5257, 32.7566], [-114.7195, 32.7185], [-117.1243, 32.5342], [-117.1243, 32.6728], [-117.2356, 32.7174], [-117.2823, 32.8431], [-117.25, 32.8742], [-117.311, 33.0875], [-117.5084, 33.3356], [-118.1293, 33.7573], [-118.2227, 33.7654], [-118.2729, 33.7294], [-118.4308, 33.7734], [-118.3914, 33.8411], [-118.4703, 33.9781], [-118.5421, 34.0377], [-118.7826, 34.0216], [-118.9477, 34.0452], [-119.2169, 34.1451], [-119.2743, 34.2633], [-119.5651, 34.4148], [-119.8773, 34.4057], [-120.0065, 34.4599], [-120.2937, 34.4706], [-120.4767, 34.4535], [-120.509, 34.5211], [-120.649, 34.577], [-120.606, 34.7113], [-120.649, 34.975], [-120.6311, 35.1131], [-120.8967, 35.2468], [-120.8285, 35.3349], [-120.9075, 35.4488], [-121.008, 35.4612], [-121.1731, 35.639], [-121.2915, 35.6647], [-121.3453, 35.7953], [-121.4638, 35.8834], [-121.514, 36.0074], [-121.5751, 36.0246]]], [[[-118.3662, 33.406], [-118.3232, 33.2991], [-118.4703, 33.326], [-118.5421, 33.4748], [-118.3662, 33.406]]], [[[-118.3698, 32.8393], [-118.4273, 32.8023], [-118.499, 32.8522], [-118.5924, 33.0348], [-118.3698, 32.8393]]], [[[-119.5579, 33.9963], [-119.7661, 33.9587], [-119.8773, 33.9835], [-119.9204, 34.078], [-119.5579, 33.9963]]], [[[-120.003, 33.9416], [-120.1142, 33.8937], [-120.2363, 34.0087], [-120.0424, 34.0356], [-120.003, 33.9416]]]]}}, {"id": "5", "type": "Feature", "properties": {"state_fips": "08", "name": "Colorado", "usps": "CO"}, "geometry": {"type": "Polygon", "coordinates": [[[-106.4749, 36.9937], [-109.0448, 36.999], [-109.052, 41.0003], [-106.3206, 40.9987], [-105.2761, 40.9981], [-102.0529, 41.0019], [-102.0421, 36.9937], [-104.0091, 36.9958], [-106.4749, 36.9937]]]}}, {"id": "6", "type": "Feature", "properties": {"state_fips": "09", "name": "Connecticut", "usps": "CT"}, "geometry": {"type": "Polygon", "coordinates": [[[-73.658, 40.9922], [-73.7262, 41.097], [-73.4821, 41.213], [-73.5431, 41.3666], [-73.4857, 42.0499], [-72.1361, 42.0305], [-71.8023, 42.008], [-71.788, 41.5971], [-71.8023, 41.4155], [-71.849, 41.3296], [-72.3264, 41.2769], [-72.4304, 41.4236], [-72.3479, 41.2753], [-72.5525, 41.2624], [-72.5381, 41.2549], [-72.9078, 41.2893], [-73.1052, 41.1722], [-73.1088, 41.2318], [-73.1806, 41.1663], [-73.658, 40.9922]]]}}, {"id": "7", "type": "Feature", "properties": {"state_fips": "10", "name": "Delaware", "usps": "DE"}, "geometry": {"type": "Polygon", "coordinates": [[[-75.187, 38.8033], [-75.0865, 38.7926], [-75.0758, 38.69], [-75.1547, 38.6932], [-75.0614, 38.5826], [-75.0506, 38.4515], [-75.6931, 38.4596], [-75.79, 39.7219], [-75.5962, 39.8373], [-75.4239, 39.8067], [-75.6177, 39.616], [-75.5675, 39.5661], [-75.5962, 39.4667], [-75.5172, 39.3636], [-75.4419, 39.3158], [-75.3916, 39.1971], [-75.4024, 39.066], [-75.187, 38.8033]]]}}, {"id": "8", "type": "Feature", "properties": {"state_fips": "12", "name": "Florida", "usps": "FL"}, "geometry": {"type": "MultiPolygon", "coordinates": [[[[-87.1824, 30.5451], [-87.1717, 30.4329], [-87.2686, 30.3448], [-87.4624, 30.3099], [-87.4265, 30.4017], [-87.3547, 30.4178], [-87.4337, 30.4844], [-87.405, 30.6746], [-87.5306, 30.7401], [-87.6347, 30.8658], [-87.5988, 30.9969], [-86.0339, 30.9931], [-85.0037, 31.0001], [-84.8638, 30.7116], [-82.2149, 30.5682], [-82.2041, 30.398], [-82.0498, 30.3625], [-82.0067, 30.5634], [-82.0498, 30.6536], [-82.0246, 30.7879], [-81.9062, 30.8282], [-81.6083, 30.7176], [-81.4288, 30.7009], [-81.4432, 30.5188], [-81.4938, 30.5321], [-81.4611, 30.4925], [-81.4683, 30.413], [-81.6298, 30.3953], [-81.6298, 30.3616], [-81.6083, 30.3888], [-81.4396, 30.3528], [-81.3965, 30.3963], [-81.3104, 29.9698], [-81.3642, 30.088], [-81.3068, 29.828], [-81.2242, 29.6889], [-81.2206, 29.6706], [-81.2458, 29.6594], [-81.2027, 29.6099], [-81.2135, 29.6706], [-80.9155, 29.0234], [-80.7863, 28.7908], [-80.6392, 28.6586], [-80.7325, 28.7908], [-80.5746, 28.5867], [-80.5243, 28.4588], [-80.6033, 28.4207], [-80.5889, 28.5759], [-80.6751, 28.3654], [-80.7181, 28.3852], [-80.7217, 28.5899], [-80.7791, 28.6162], [-80.7433, 28.721], [-80.8509, 28.7908], [-80.8186, 28.6259], [-80.7325, 28.367], [-80.492, 27.8637], [-80.4992, 27.8347], [-80.3771, 27.6595], [-80.3592, 27.5575], [-80.2336, 27.2631], [-80.2838, 27.2309], [-80.2838, 27.2062], [-80.151, 27.1261], [-80.0864, 26.9709], [-80.1331, 26.9709], [-80.0721, 26.943], [-80.0362, 26.5809], [-80.1259, 25.8998], [-80.1833, 25.7714], [-80.2479, 25.7156], [-80.3413, 25.4696], [-80.3413, 25.3331], [-80.431, 25.2359], [-80.492, 25.208], [-80.553, 25.2434], [-80.6535, 25.1655], [-80.8581, 25.1768], [-80.9012, 25.1392], [-81.0842, 25.1161], [-81.174, 25.2252], [-81.1524, 25.3256], [-81.0914, 25.3321], [-81.0591, 25.2472], [-81.0017, 25.216], [-80.9048, 25.2348], [-80.9622, 25.3331], [-81.0376, 25.3219], [-81.1022, 25.3568], [-81.2099, 25.505], [-81.1201, 25.5738], [-81.0483, 25.5458], [-81.113, 25.5899], [-81.2242, 25.5571], [-81.2529, 25.7043], [-81.2135, 25.729], [-81.2852, 25.7306], [-81.3427, 25.8031], [-81.5078, 25.8912], [-81.5831, 25.8918], [-81.777, 26.0502], [-81.8703, 26.4606], [-81.9923, 26.495], [-81.9313, 26.5686], [-82.039, 26.5261], [-82.0821, 26.6663], [-82.0605, 26.8807], [-82.1215, 26.9677], [-82.1538, 26.9247], [-82.2543, 27.0053], [-82.1574, 26.8576], [-82.2472, 26.8103], [-82.4697, 27.1245], [-82.5307, 27.2535], [-82.5666, 27.3894], [-82.6887, 27.4774], [-82.5451, 27.6021], [-82.5523, 27.6456], [-82.4015, 27.7928], [-82.4015, 27.8819], [-82.4912, 27.919], [-82.4769, 27.8228], [-82.5523, 27.8535], [-82.5307, 27.9276], [-82.6528, 28.0184], [-82.721, 27.9356], [-82.5953, 27.8637], [-82.6563, 27.7004], [-82.7425, 27.7509], [-82.8502, 27.862], [-82.7784, 28.056], [-82.7856, 28.1725], [-82.6707, 28.433], [-82.6348, 28.6946], [-82.721, 28.8644], [-82.6384, 28.8837], [-82.7568, 28.9965], [-82.7461, 29.025], [-82.8322, 29.1571], [-83.0619, 29.177], [-83.1086, 29.3253], [-83.1732, 29.3301], [-83.2342, 29.4338], [-83.4029, 29.5186], [-83.3922, 29.6706], [-83.4819, 29.69], [-83.5788, 29.77], [-83.6362, 29.885], [-83.9916, 30.0945], [-84.0777, 30.0988], [-84.3613, 30.0633], [-84.3541, 29.9698], [-84.451, 29.9731], [-84.3433, 29.9005], [-84.5371, 29.9097], [-84.8889, 29.7233], [-84.8566, 29.7953], [-84.9894, 29.7405], [-85.0504, 29.777], [-84.9822, 29.7292], [-85.3124, 29.6873], [-85.3017, 29.8092], [-85.3878, 29.9258], [-85.6857, 30.1267], [-85.5637, 30.0928], [-85.4668, 30.0155], [-85.3914, 30.03], [-85.3914, 30.0526], [-85.4847, 30.0338], [-85.5206, 30.1337], [-85.596, 30.1154], [-85.7324, 30.1761], [-85.7683, 30.1514], [-85.9944, 30.269], [-86.3964, 30.3792], [-86.3964, 30.398], [-86.2492, 30.428], [-86.12, 30.3786], [-86.2062, 30.4817], [-86.3964, 30.4538], [-86.4538, 30.5097], [-86.601, 30.4017], [-86.7984, 30.406], [-87.186, 30.3485], [-86.9276, 30.4608], [-87.0209, 30.5048], [-87.0676, 30.4484], [-87.1573, 30.58], [-87.1824, 30.5451]], [[-81.6298, 30.3616], [-81.6657, 30.3163], [-81.6298, 30.3185], [-81.6298, 30.3616]], [[-81.7088, 30.2884], [-81.6908, 30.1906], [-81.7124, 30.0402], [-81.6047, 29.9387], [-81.6047, 29.8393], [-81.5781, 29.7285], [-81.5257, 29.7593], [-81.5903, 29.8898], [-81.5724, 29.9666], [-81.6693, 30.0364], [-81.5903, 30.1256], [-81.6621, 30.1337], [-81.6226, 30.233], [-81.6607, 30.3067], [-81.7088, 30.2884]], [[-81.5781, 29.7285], [-81.6262, 29.7002], [-81.6226, 29.6913], [-81.5781, 29.7285]], [[-81.6226, 29.6913], [-81.6513, 29.6739], [-81.6019, 29.6084], [-81.5903, 29.611], [-81.6226, 29.6913]], [[-81.6019, 29.6084], [-81.6144, 29.6055], [-81.6011, 29.6073], [-81.6019, 29.6084]], [[-81.6144, 29.6055], [-81.6836, 29.5965], [-81.6693, 29.3715], [-81.6406, 29.2769], [-81.558, 29.1974], [-81.5293, 29.2995], [-81.5724, 29.3489], [-81.6549, 29.3962], [-81.6657, 29.5938], [-81.6144, 29.6055]], [[-81.5042, 30.5016], [-81.4976, 30.5331], [-81.6011, 30.5602], [-81.5401, 30.5016], [-81.5042, 30.5016]]], [[[-80.4238, 25.1387], [-80.3879, 25.194], [-80.2515, 25.3396], [-80.413, 25.1043], [-80.4238, 25.1387]]], [[[-80.9008, 29.006], [-80.9048, 29.0518], [-80.7756, 28.8579], [-80.9008, 29.006]]], [[[-81.3068, 29.8549], [-81.2781, 29.9091], [-81.2278, 29.705], [-81.3068, 29.8549]]], [[[-82.0175, 26.4493], [-82.1036, 26.4262], [-82.1826, 26.4821], [-82.0175, 26.4493]]], [[[-85.2227, 29.6787], [-85.0935, 29.6851], [-85.1258, 29.6282], [-85.2227, 29.6787]]]]}}, {"id": "9", "type": "Feature", "properties": {"state_fips": "13", "name": "Georgia", "usps": "GA"}, "geometry": {"type": "MultiPolygon", "coordinates": [[[[-83.3419, 34.6844], [-83.0512, 34.4932], [-82.8645, 34.4572], [-82.7425, 34.2085], [-82.5666, 33.9571], [-82.301, 33.8024], [-82.2328, 33.6934], [-81.9277, 33.4646], [-81.9385, 33.3437], [-81.8523, 33.247], [-81.7554, 33.1981], [-81.7626, 33.1573], [-81.5401, 33.0456], [-81.4216, 32.8345], [-81.3893, 32.5949], [-81.2816, 32.5568], [-81.1883, 32.4606], [-81.1273, 32.3365], [-81.1453, 32.2264], [-81.1165, 32.1174], [-81.0053, 32.0717], [-81.0448, 32.0347], [-81.0017, 31.8687], [-81.156, 31.9369], [-81.2314, 31.8912], [-81.1417, 31.8531], [-81.1596, 31.7279], [-81.3211, 31.8096], [-81.2242, 31.7344], [-81.1991, 31.6823], [-81.3534, 31.6544], [-81.1991, 31.6039], [-81.2745, 31.5582], [-81.3283, 31.4771], [-81.3032, 31.3224], [-81.4755, 31.339], [-81.436, 31.3304], [-81.3938, 31.2877], [-81.4468, 31.165], [-81.4288, 31.0705], [-81.5544, 31.0801], [-81.4755, 31.0248], [-81.4432, 30.9464], [-81.515, 30.8916], [-81.5006, 30.7283], [-81.6083, 30.7176], [-81.9062, 30.8282], [-82.0246, 30.7879], [-82.0498, 30.6536], [-82.0067, 30.5634], [-82.0498, 30.3625], [-82.2041, 30.398], [-82.2149, 30.5682], [-84.8638, 30.7116], [-85.0289, 31.0753], [-85.1007, 31.1623], [-85.0468, 31.5168], [-85.0576, 31.6227], [-85.1401, 31.7806], [-85.133, 31.8928], [-85.0684, 31.9911], [-85.0612, 32.1335], [-84.8889, 32.264], [-85.0073, 32.3279], [-84.9714, 32.3774], [-85.0002, 32.51], [-85.0791, 32.6078], [-85.1832, 32.8699], [-85.6067, 34.9847], [-83.9377, 34.9874], [-83.1086, 35.0008], [-83.1122, 34.938], [-83.2414, 34.8789], [-83.3527, 34.7156], [-83.3419, 34.6844]]], [[[-81.0448, 32.0347], [-80.9766, 32.0567], [-80.9622, 32.04], [-81.0017, 31.9552], [-81.0448, 32.0347]]], [[[-81.0376, 31.8198], [-81.1381, 31.721], [-81.1417, 31.8488], [-81.0376, 31.8198]]], [[[-81.1883, 31.6479], [-81.1345, 31.6871], [-81.174, 31.5561], [-81.1883, 31.6479]]], [[[-81.1776, 31.5206], [-81.2781, 31.3788], [-81.318, 31.4801], [-81.1776, 31.5206]]], [[[-81.3965, 31.1328], [-81.4306, 31.1982], [-81.3821, 31.3138], [-81.3247, 31.3079], [-81.2637, 31.2579], [-81.3965, 31.1328]]], [[[-81.5114, 30.8841], [-81.4073, 30.9775], [-81.4037, 30.9072], [-81.4791, 30.7971], [-81.5114, 30.8841]]]]}}, {"id": "10", "type": "Feature", "properties": {"state_fips": "15", "name": "Hawaii", "usps": "HI"}, "geometry": {"type": "MultiPolygon", "coordinates": [[[[-155.921, 19.1102], [-155.8887, 19.3471], [-156.0502, 19.7714], [-155.9282, 19.8697], [-155.8277, 20.0325], [-155.8959, 20.1238], [-155.8708, 20.2645], [-155.7595, 20.2366], [-155.5872, 20.119], [-155.458, 20.0986], [-155.2857, 20.0191], [-155.0811, 19.8466], [-155.0883, 19.7279], [-155.0057, 19.7355], [-154.9806, 19.6366], [-154.8083, 19.5174], [-154.9878, 19.3406], [-155.1565, 19.266], [-155.2965, 19.2628], [-155.5118, 19.129], [-155.6375, 18.9383], [-155.6805, 18.9104], [-155.7954, 19.0092], [-155.8815, 19.0355], [-155.921, 19.1102]]], [[[-156.6317, 20.813], [-156.6927, 20.9489], [-156.6425, 21.0241], [-156.5563, 21.0117], [-156.4522, 20.8973], [-156.2476, 20.9365], [-156.1292, 20.8366], [-156.0, 20.7926], [-155.982, 20.727], [-156.0502, 20.6518], [-156.3769, 20.575], [-156.4451, 20.6046], [-156.463, 20.7781], [-156.6317, 20.813]]], [[[-156.743, 21.1073], [-156.8829, 21.0461], [-157.0768, 21.1025], [-157.3101, 21.0993], [-157.2526, 21.2244], [-156.9153, 21.168], [-156.7107, 21.16], [-156.743, 21.1073]]], [[[-156.5456, 20.5138], [-156.6676, 20.5014], [-156.6748, 20.5573], [-156.5814, 20.6024], [-156.5456, 20.5138]]], [[[-156.804, 20.8173], [-156.8327, 20.763], [-156.9619, 20.7324], [-157.0373, 20.9226], [-156.9009, 20.9156], [-156.804, 20.8173]]], [[[-158.2792, 21.5741], [-158.1177, 21.5811], [-157.9885, 21.7116], [-157.8341, 21.5091], [-157.7659, 21.4597], [-157.6475, 21.3039], [-157.809, 21.2545], [-157.9023, 21.3292], [-158.1069, 21.2964], [-158.2792, 21.5741]]], [[[-159.7867, 22.0656], [-159.7364, 22.136], [-159.5821, 22.2235], [-159.4026, 22.2316], [-159.3165, 22.1838], [-159.2985, 22.1064], [-159.3344, 21.9587], [-159.4457, 21.8685], [-159.6072, 21.8996], [-159.7616, 21.9781], [-159.7867, 22.0656]]], [[[-160.0738, 21.8932], [-160.1492, 21.8669], [-160.203, 21.7772], [-160.2282, 21.8841], [-160.0559, 21.9899], [-160.0738, 21.8932]]]]}}, {"id": "11", "type": "Feature", "properties": {"state_fips": "16", "name": "Idaho", "usps": "ID"}, "geometry": {"type": "Polygon", "coordinates": [[[-114.0411, 41.9935], [-117.0274, 41.9999], [-117.0274, 43.8408], [-116.9844, 43.88], [-116.9341, 43.9869], [-116.9736, 44.0486], [-116.8982, 44.1518], [-117.1136, 44.2807], [-117.2212, 44.3016], [-117.2248, 44.4843], [-117.1602, 44.5246], [-117.0454, 44.7448], [-116.8982, 44.8399], [-116.5572, 45.507], [-116.4639, 45.601], [-116.5393, 45.7412], [-116.7977, 45.8556], [-116.9162, 45.9947], [-116.9844, 46.0925], [-116.9269, 46.1709], [-117.0633, 46.3482], [-117.0418, 46.4261], [-117.0382, 48.999], [-116.0475, 49.0007], [-116.0511, 47.9784], [-115.8322, 47.7545], [-115.7245, 47.6986], [-115.6922, 47.5944], [-115.7604, 47.5514], [-115.6276, 47.4794], [-115.7604, 47.422], [-115.5558, 47.3532], [-115.484, 47.2818], [-115.3189, 47.2565], [-115.301, 47.1883], [-115.1861, 47.1303], [-115.0497, 46.9691], [-114.96, 46.9331], [-114.9492, 46.859], [-114.6764, 46.7371], [-114.5939, 46.634], [-114.3319, 46.6603], [-114.4862, 45.9958], [-114.3893, 45.8921], [-114.5688, 45.774], [-114.497, 45.71], [-114.5652, 45.5575], [-114.4718, 45.5645], [-114.3462, 45.4603], [-113.937, 45.6955], [-113.8114, 45.6058], [-113.7755, 45.4076], [-113.693, 45.2631], [-113.4453, 45.0332], [-113.4956, 44.9484], [-113.3412, 44.7845], [-113.2479, 44.8221], [-113.1043, 44.7292], [-113.0074, 44.5256], [-113.0038, 44.4494], [-112.8172, 44.3758], [-112.7813, 44.4848], [-112.4726, 44.48], [-112.3865, 44.4488], [-112.3578, 44.5305], [-112.2573, 44.5707], [-112.1065, 44.5208], [-111.8696, 44.5643], [-111.823, 44.5095], [-111.5107, 44.5638], [-111.4712, 44.7093], [-111.3779, 44.7518], [-111.2199, 44.6223], [-111.2307, 44.5788], [-111.0477, 44.4735], [-111.0477, 42.0015], [-114.0411, 41.9935]]]}}, {"id": "12", "type": "Feature", "properties": {"state_fips": "17", "name": "Illinois", "usps": "IL"}, "geometry": {"type": "Polygon", "coordinates": [[[-87.6419, 39.1573], [-87.5701, 39.0531], [-87.527, 38.9027], [-87.527, 38.6862], [-87.6526, 38.5681], [-87.6455, 38.5074], [-87.746, 38.4773], [-87.7424, 38.4144], [-87.9685, 38.2366], [-87.99, 38.2565], [-87.9111, 38.1614], [-88.0941, 37.8912], [-88.0295, 37.7989], [-88.1587, 37.6662], [-88.1336, 37.5743], [-88.0618, 37.5045], [-88.0834, 37.4728], [-88.2808, 37.4529], [-88.3597, 37.4046], [-88.4136, 37.4245], [-88.4746, 37.3912], [-88.5105, 37.2606], [-88.4243, 37.1478], [-88.4889, 37.0678], [-88.5679, 37.0801], [-88.9268, 37.2262], [-89.0166, 37.2128], [-89.1673, 37.0646], [-89.135, 36.9808], [-89.2535, 37.0694], [-89.3145, 37.0103], [-89.3791, 37.0393], [-89.4904, 37.2515], [-89.4832, 37.3358], [-89.4222, 37.3992], [-89.5227, 37.5663], [-89.5191, 37.6952], [-89.6662, 37.751], [-89.6734, 37.8031], [-89.8493, 37.9047], [-89.939, 37.8751], [-89.9965, 37.9632], [-90.2082, 38.0884], [-90.3626, 38.2296], [-90.341, 38.387], [-90.1831, 38.6604], [-90.1652, 38.7727], [-90.1185, 38.8055], [-90.1077, 38.8468], [-90.2764, 38.9237], [-90.4523, 38.9672], [-90.5384, 38.8785], [-90.6641, 38.9344], [-90.7251, 39.2239], [-90.7682, 39.2975], [-91.0338, 39.4452], [-91.1773, 39.5983], [-91.3065, 39.6837], [-91.4358, 39.8433], [-91.4358, 39.9453], [-91.4896, 40.0254], [-91.4968, 40.2483], [-91.4178, 40.3777], [-91.3712, 40.3906], [-91.3532, 40.6066], [-91.1881, 40.6372], [-91.1127, 40.6963], [-91.0912, 40.8241], [-90.962, 40.9251], [-90.9476, 41.0723], [-90.9943, 41.1604], [-91.1127, 41.2399], [-91.0409, 41.4187], [-90.7861, 41.4531], [-90.4631, 41.5235], [-90.341, 41.5938], [-90.3159, 41.7281], [-90.1795, 41.8092], [-90.1508, 41.929], [-90.1687, 42.1245], [-90.3949, 42.2271], [-90.4738, 42.3808], [-90.6425, 42.4683], [-90.6425, 42.5081], [-88.7761, 42.492], [-87.8034, 42.4925], [-87.8357, 42.2819], [-87.7603, 42.1519], [-87.6849, 42.08], [-87.6096, 41.842], [-87.527, 41.7072], [-87.5306, 39.3475], [-87.6024, 39.2594], [-87.6419, 39.1573]]]}}, {"id": "13", "type": "Feature", "properties": {"state_fips": "18", "name": "Indiana", "usps": "IN"}, "geometry": {"type": "Polygon", "coordinates": [[[-87.6993, 37.8977], [-87.9254, 37.9014], [-87.9039, 37.8117], [-88.0295, 37.7989], [-88.0941, 37.8912], [-87.9111, 38.1614], [-87.99, 38.2565], [-87.9685, 38.2366], [-87.7424, 38.4144], [-87.746, 38.4773], [-87.6455, 38.5074], [-87.6526, 38.5681], [-87.527, 38.6862], [-87.527, 38.9027], [-87.5701, 39.0531], [-87.6419, 39.1573], [-87.6024, 39.2594], [-87.5306, 39.3475], [-87.527, 41.7072], [-87.4301, 41.6459], [-87.2219, 41.6239], [-86.9312, 41.7099], [-86.8235, 41.7604], [-84.8243, 41.7598], [-84.8027, 41.4257], [-84.8207, 39.1052], [-84.8781, 39.0305], [-84.8709, 38.9011], [-84.7956, 38.8576], [-84.8099, 38.7904], [-85.0253, 38.7614], [-85.2012, 38.6911], [-85.334, 38.7362], [-85.438, 38.7271], [-85.4345, 38.524], [-85.6032, 38.4429], [-85.7431, 38.2673], [-85.7898, 38.2887], [-85.9011, 38.1781], [-85.9477, 38.0067], [-85.998, 37.9997], [-86.26, 38.0502], [-86.3282, 38.1813], [-86.461, 38.1206], [-86.5077, 37.9278], [-86.5866, 37.9224], [-86.6548, 37.8424], [-86.8127, 37.9981], [-86.9779, 37.9305], [-87.0676, 37.8037], [-87.4516, 37.9412], [-87.5055, 37.909], [-87.6024, 37.9729], [-87.6168, 37.8311], [-87.6993, 37.8977]]]}}, {"id": "14", "type": "Feature", "properties": {"state_fips": "19", "name": "Iowa", "usps": "IA"}, "geometry": {"type": "Polygon", "coordinates": [[[-95.8793, 41.1598], [-95.9224, 41.1904], [-95.8721, 41.2882], [-95.9978, 41.5068], [-96.0947, 41.5369], [-96.1234, 41.683], [-96.0659, 41.8012], [-96.1377, 41.8656], [-96.1306, 41.9741], [-96.2741, 42.0472], [-96.267, 42.1133], [-96.3567, 42.2148], [-96.3567, 42.2766], [-96.4177, 42.3475], [-96.3818, 42.4393], [-96.5003, 42.5602], [-96.6295, 42.7707], [-96.5397, 42.9088], [-96.511, 43.0495], [-96.4536, 43.0834], [-96.4715, 43.2128], [-96.5541, 43.259], [-96.5254, 43.3933], [-96.5972, 43.5002], [-93.9698, 43.4991], [-91.2168, 43.5007], [-91.2132, 43.3648], [-91.0589, 43.2574], [-91.1773, 43.0801], [-91.0553, 42.7391], [-90.901, 42.6746], [-90.7035, 42.6332], [-90.6425, 42.4683], [-90.4738, 42.3808], [-90.3949, 42.2271], [-90.1687, 42.1245], [-90.1508, 41.929], [-90.1795, 41.8092], [-90.3159, 41.7281], [-90.341, 41.5938], [-90.4631, 41.5235], [-90.7861, 41.4531], [-91.0409, 41.4187], [-91.1127, 41.2399], [-90.9943, 41.1604], [-90.9476, 41.0723], [-90.962, 40.9251], [-91.0912, 40.8241], [-91.1127, 40.6963], [-91.1881, 40.6372], [-91.3532, 40.6066], [-91.3712, 40.3906], [-91.4178, 40.3777], [-91.7157, 40.5985], [-94.2318, 40.5716], [-95.7644, 40.5851], [-95.8865, 40.721], [-95.8326, 40.7838], [-95.8147, 40.9009], [-95.8829, 41.0562], [-95.8793, 41.1598]]]}}, {"id": "15", "type": "Feature", "properties": {"state_fips": "20", "name": "Kansas", "usps": "KS"}, "geometry": {"type": "Polygon", "coordinates": [[[-102.0421, 36.9937], [-102.0529, 40.0033], [-100.1936, 40.0017], [-98.7256, 40.0023], [-96.9166, 40.0017], [-95.3122, 40.0001], [-95.2045, 39.9056], [-95.0394, 39.8653], [-94.9928, 39.898], [-94.8779, 39.8207], [-95.0538, 39.6236], [-95.104, 39.5333], [-94.9676, 39.4189], [-94.8923, 39.29], [-94.7738, 39.1987], [-94.6015, 39.1589], [-94.6195, 36.999], [-96.5254, 36.9985], [-98.1118, 36.9974], [-99.5404, 36.999], [-102.0278, 36.9926], [-102.0421, 36.9937]]]}}, {"id": "16", "type": "Feature", "properties": {"state_fips": "21", "name": "Kentucky", "usps": "KY"}, "geometry": {"type": "Polygon", "coordinates": [[[-83.0296, 38.7249], [-82.8897, 38.7539], [-82.8143, 38.5702], [-82.6671, 38.5057], [-82.5953, 38.4214], [-82.6025, 38.2468], [-82.6384, 38.1416], [-82.4769, 37.9589], [-82.4984, 37.9455], [-82.2938, 37.6678], [-82.1215, 37.5518], [-81.9672, 37.5378], [-82.3082, 37.2998], [-82.7066, 37.1279], [-82.7245, 37.0425], [-82.8681, 36.9743], [-82.8789, 36.8927], [-83.0727, 36.8545], [-83.1337, 36.745], [-83.6757, 36.601], [-83.9305, 36.5876], [-84.7848, 36.6031], [-85.2765, 36.6262], [-85.7898, 36.6214], [-86.4107, 36.6504], [-86.5615, 36.6338], [-86.7625, 36.6488], [-87.6957, 36.637], [-88.069, 36.6784], [-88.0546, 36.4979], [-89.4186, 36.4984], [-89.3288, 36.6322], [-89.2499, 36.5639], [-89.1781, 36.652], [-89.2032, 36.7176], [-89.1243, 36.7847], [-89.1781, 36.8057], [-89.1027, 36.9432], [-89.1673, 37.0646], [-89.0166, 37.2128], [-88.9268, 37.2262], [-88.5679, 37.0801], [-88.4889, 37.0678], [-88.4243, 37.1478], [-88.5105, 37.2606], [-88.4746, 37.3912], [-88.4136, 37.4245], [-88.3597, 37.4046], [-88.2808, 37.4529], [-88.0834, 37.4728], [-88.0618, 37.5045], [-88.1336, 37.5743], [-88.1587, 37.6662], [-88.0295, 37.7989], [-87.9039, 37.8117], [-87.9254, 37.9014], [-87.6993, 37.8982], [-87.6168, 37.8311], [-87.6024, 37.9729], [-87.5055, 37.909], [-87.4516, 37.9412], [-87.0676, 37.8037], [-86.9779, 37.9305], [-86.8127, 37.9981], [-86.6548, 37.8424], [-86.5866, 37.9224], [-86.5077, 37.9278], [-86.461, 38.1206], [-86.3282, 38.1813], [-86.26, 38.0502], [-85.998, 37.9997], [-85.9477, 38.0067], [-85.9011, 38.1781], [-85.7898, 38.2887], [-85.7431, 38.2673], [-85.6032, 38.4429], [-85.4345, 38.524], [-85.438, 38.7271], [-85.334, 38.7362], [-85.2012, 38.6911], [-85.0253, 38.7614], [-84.8099, 38.7904], [-84.7956, 38.8576], [-84.8709, 38.9011], [-84.8781, 39.0311], [-84.8207, 39.1052], [-84.7561, 39.146], [-84.6233, 39.0741], [-84.5048, 39.095], [-84.3182, 39.0214], [-84.232, 38.8742], [-84.232, 38.8275], [-84.0526, 38.7711], [-83.9054, 38.7679], [-83.7044, 38.6373], [-83.6434, 38.6368], [-83.525, 38.7013], [-83.2665, 38.618], [-83.1553, 38.618], [-83.0296, 38.7249]]]}}, {"id": "17", "type": "Feature", "properties": {"state_fips": "22", "name": "Louisiana", "usps": "LA"}, "geometry": {"type": "MultiPolygon", "coordinates": [[[[-89.5693, 29.6653], [-89.6447, 29.6508], [-89.6483, 29.625], [-89.7165, 29.5938], [-89.695, 29.5321], [-89.537, 29.445], [-89.5119, 29.3822], [-89.4042, 29.3929], [-89.2499, 29.2995], [-89.1386, 29.2834], [-89.1099, 29.1523], [-89.0489, 29.1174], [-89.153, 29.0771], [-89.1745, 29.0078], [-89.2535, 29.0749], [-89.4042, 28.9299], [-89.293, 29.0959], [-89.3073, 29.2157], [-89.4473, 29.1845], [-89.4975, 29.3242], [-89.6088, 29.3881], [-89.7847, 29.3822], [-89.8708, 29.4477], [-89.9785, 29.4595], [-90.1687, 29.5654], [-90.1113, 29.6019], [-90.1723, 29.6835], [-90.1616, 29.5723], [-90.2262, 29.5331], [-90.1831, 29.473], [-90.0467, 29.43], [-90.0503, 29.3242], [-90.0826, 29.2995], [-90.0646, 29.2071], [-90.0898, 29.1668], [-90.2226, 29.0862], [-90.2657, 29.1394], [-90.3051, 29.2694], [-90.3769, 29.293], [-90.4092, 29.2205], [-90.3985, 29.2619], [-90.5923, 29.3124], [-90.5779, 29.2415], [-90.6102, 29.2098], [-90.6389, 29.2227], [-90.7107, 29.1313], [-90.8363, 29.1362], [-90.944, 29.1641], [-90.8076, 29.2356], [-90.9799, 29.2651], [-91.0517, 29.1883], [-91.1271, 29.2162], [-91.1271, 29.3338], [-91.2599, 29.445], [-91.2168, 29.5874], [-91.2742, 29.5154], [-91.5255, 29.5444], [-91.5506, 29.6314], [-91.6296, 29.6545], [-91.6296, 29.7442], [-91.8557, 29.7378], [-91.827, 29.8291], [-91.9706, 29.8334], [-92.1357, 29.7249], [-92.2146, 29.7501], [-92.0567, 29.582], [-92.3151, 29.5337], [-92.6166, 29.5793], [-92.972, 29.7136], [-93.2376, 29.7786], [-93.6755, 29.7485], [-93.8406, 29.6921], [-93.9267, 29.8146], [-93.8549, 29.8651], [-93.7221, 30.0515], [-93.7078, 30.2443], [-93.7688, 30.3297], [-93.7401, 30.4017], [-93.697, 30.4377], [-93.7401, 30.5408], [-93.6791, 30.5929], [-93.557, 30.869], [-93.5714, 31.0098], [-93.5068, 31.0296], [-93.5642, 31.0968], [-93.5534, 31.1849], [-93.6001, 31.1763], [-93.6145, 31.2617], [-93.6862, 31.302], [-93.6719, 31.396], [-93.8334, 31.5856], [-93.7939, 31.7016], [-93.8801, 31.844], [-94.0165, 31.9799], [-94.0416, 32.1958], [-94.0416, 33.0187], [-91.1666, 33.0042], [-91.1773, 32.9005], [-91.0912, 32.9806], [-91.0625, 32.9086], [-91.145, 32.8318], [-91.1486, 32.7416], [-91.0625, 32.726], [-91.1522, 32.6406], [-91.0445, 32.5756], [-91.1163, 32.4859], [-90.9656, 32.4332], [-91.005, 32.3725], [-90.9117, 32.3392], [-90.9763, 32.2973], [-90.9907, 32.1974], [-91.1235, 32.2103], [-91.163, 32.1319], [-91.0338, 32.1206], [-91.0768, 32.0169], [-91.1881, 31.9616], [-91.2491, 31.8698], [-91.3424, 31.852], [-91.3173, 31.75], [-91.3783, 31.7344], [-91.3999, 31.62], [-91.5183, 31.6151], [-91.4106, 31.5646], [-91.5183, 31.5297], [-91.5147, 31.4475], [-91.5793, 31.4051], [-91.5183, 31.2751], [-91.6547, 31.2504], [-91.5901, 31.1913], [-91.6296, 31.1167], [-91.565, 31.0667], [-91.6368, 30.9996], [-89.7273, 31.0017], [-89.8421, 30.6665], [-89.7703, 30.5161], [-89.6914, 30.4592], [-89.6447, 30.2873], [-89.5227, 30.1788], [-89.6268, 30.1546], [-89.7344, 30.0219], [-89.8636, 29.9962], [-89.8278, 29.9371], [-89.6447, 29.8608], [-89.5873, 29.8866], [-89.5801, 29.9897], [-89.4904, 30.0413], [-89.4042, 29.9005], [-89.3253, 29.8699], [-89.4222, 29.813], [-89.3468, 29.7883], [-89.4437, 29.7507], [-89.4545, 29.6873], [-89.5298, 29.7609], [-89.6519, 29.7518], [-89.5693, 29.6653]], [[-91.7229, 31.0441], [-91.7516, 31.0184], [-91.6583, 30.9937], [-91.7229, 31.0441]]], [[[-89.559, 29.6594], [-89.5586, 29.6594], [-89.5478, 29.6529], [-89.559, 29.6594]]], [[[-89.8206, 29.3145], [-89.6483, 29.3774], [-89.6662, 29.2866], [-89.8206, 29.3145]]], [[[-91.3424, 29.3091], [-91.2671, 29.3612], [-91.1737, 29.3253], [-91.1378, 29.2146], [-91.2778, 29.2474], [-91.3424, 29.3091]]], [[[-91.8234, 29.4757], [-92.0316, 29.5702], [-91.9275, 29.6363], [-91.7121, 29.553], [-91.8234, 29.4757]]]]}}, {"id": "18", "type": "Feature", "properties": {"state_fips": "23", "name": "Maine", "usps": "ME"}, "geometry": {"type": "MultiPolygon", "coordinates": [[[[-70.9624, 43.541], [-71.0845, 45.3056], [-71.0127, 45.3453], [-70.8332, 45.2766], [-70.7973, 45.427], [-70.6214, 45.4012], [-70.7219, 45.5145], [-70.5532, 45.6671], [-70.3846, 45.7358], [-70.4169, 45.7944], [-70.2625, 45.8878], [-70.3164, 46.0205], [-70.2374, 46.1478], [-70.2912, 46.186], [-70.1907, 46.3498], [-70.0579, 46.4153], [-70.0005, 46.6877], [-69.2252, 47.4596], [-69.0457, 47.4268], [-69.0493, 47.2549], [-68.895, 47.1829], [-68.5827, 47.2877], [-68.3817, 47.2861], [-68.353, 47.3575], [-68.2346, 47.3554], [-67.951, 47.1947], [-67.7895, 47.0674], [-67.7823, 45.9432], [-67.811, 45.6805], [-67.5023, 45.5865], [-67.5023, 45.4904], [-67.4234, 45.3845], [-67.4844, 45.2905], [-67.348, 45.1272], [-67.2726, 45.1912], [-67.1578, 45.1525], [-67.0537, 44.9306], [-67.165, 44.9446], [-67.1578, 44.8732], [-66.9855, 44.8125], [-67.165, 44.6631], [-67.287, 44.625], [-67.2942, 44.7056], [-67.4485, 44.5992], [-67.5562, 44.64], [-67.567, 44.531], [-67.6603, 44.5681], [-67.7285, 44.4972], [-67.8326, 44.5847], [-67.9008, 44.3951], [-67.9905, 44.502], [-67.9654, 44.3967], [-68.0443, 44.3382], [-68.0946, 44.4671], [-68.1987, 44.5197], [-68.231, 44.4649], [-68.432, 44.3983], [-68.4284, 44.4923], [-68.5648, 44.3999], [-68.5181, 44.2608], [-68.7442, 44.3403], [-68.8268, 44.3113], [-68.8232, 44.4085], [-68.7407, 44.5519], [-68.8276, 44.6115], [-68.8483, 44.4832], [-68.9991, 44.4252], [-68.9488, 44.3559], [-69.0278, 44.2495], [-69.1032, 44.0782], [-69.0457, 44.0921], [-69.2611, 43.9181], [-69.3544, 44.0153], [-69.4442, 43.967], [-69.5159, 43.8316], [-69.5805, 43.8891], [-69.6523, 43.787], [-69.6739, 43.9729], [-69.7744, 43.8945], [-69.7062, 43.8252], [-69.778, 43.7645], [-69.8067, 44.0239], [-69.76, 44.1389], [-69.9215, 43.9197], [-69.8641, 43.9487], [-69.8174, 43.9471], [-69.778, 43.7446], [-69.8677, 43.7709], [-69.8785, 43.8945], [-69.882, 43.8128], [-69.9861, 43.7564], [-70.0184, 43.8601], [-70.1943, 43.7688], [-70.2733, 43.635], [-70.1979, 43.563], [-70.3522, 43.5357], [-70.3415, 43.4508], [-70.4384, 43.3552], [-70.5604, 43.3165], [-70.5748, 43.222], [-70.6645, 43.0769], [-70.8296, 43.1344], [-70.8081, 43.2252], [-70.9876, 43.3804], [-70.9624, 43.541]], [[-68.8176, 44.673], [-68.8124, 44.6846], [-68.816, 44.683], [-68.8176, 44.673]]], [[[-68.3459, 44.4269], [-68.2489, 44.4332], [-68.1735, 44.328], [-68.3387, 44.2221], [-68.432, 44.3129], [-68.3459, 44.4269]]], [[[-68.6725, 44.2791], [-68.6078, 44.2415], [-68.6832, 44.1469], [-68.6725, 44.2791]]]]}}, {"id": "19", "type": "Feature", "properties": {"state_fips": "24", "name": "Maryland", "usps": "MD"}, "geometry": {"type": "MultiPolygon", "coordinates": [[[[-76.5294, 38.7126], [-76.5222, 38.5331], [-76.3894, 38.3607], [-76.4576, 38.3204], [-76.4971, 38.3908], [-76.6443, 38.4676], [-76.6838, 38.6594], [-76.6981, 38.4966], [-76.4828, 38.3204], [-76.3894, 38.3065], [-76.3212, 38.0535], [-76.5294, 38.1362], [-76.594, 38.2173], [-76.8058, 38.2533], [-76.8704, 38.3892], [-76.8381, 38.2678], [-76.9781, 38.343], [-77.0427, 38.4429], [-77.2078, 38.3602], [-77.2724, 38.4767], [-77.2365, 38.5525], [-77.0786, 38.69], [-77.0176, 38.8092], [-76.9099, 38.892], [-77.0032, 38.9661], [-77.1181, 38.9344], [-77.3262, 39.0563], [-77.4626, 39.0751], [-77.5272, 39.1315], [-77.459, 39.2228], [-77.5667, 39.3056], [-77.7175, 39.3206], [-77.8252, 39.493], [-77.8898, 39.558], [-77.8323, 39.6037], [-78.0226, 39.6198], [-78.1769, 39.6966], [-78.2702, 39.6203], [-78.3348, 39.637], [-78.4676, 39.5167], [-78.6615, 39.5349], [-78.8014, 39.6268], [-78.9701, 39.4388], [-79.0671, 39.4801], [-79.2716, 39.3281], [-79.487, 39.2062], [-79.4762, 39.7213], [-77.459, 39.7197], [-75.79, 39.7219], [-75.6931, 38.4596], [-75.0865, 38.4515], [-75.1547, 38.2468], [-75.248, 38.2307], [-75.3773, 38.0148], [-75.8977, 37.9745], [-75.7972, 38.1442], [-75.9372, 38.1491], [-75.7936, 38.2662], [-75.9192, 38.2646], [-75.8295, 38.423], [-75.9551, 38.2656], [-76.0126, 38.3768], [-76.0413, 38.2501], [-76.2387, 38.3489], [-76.332, 38.4741], [-76.2459, 38.5235], [-76.271, 38.6159], [-76.0527, 38.5932], [-76.3392, 38.7587], [-76.2674, 38.8436], [-76.1741, 38.7523], [-76.1992, 38.8431], [-76.1131, 38.9247], [-76.1992, 38.871], [-76.1848, 39.045], [-76.1207, 39.1093], [-76.2351, 39.0579], [-76.2782, 39.1476], [-76.1848, 39.3206], [-76.1131, 39.3711], [-75.8331, 39.3732], [-76.0377, 39.3861], [-75.9695, 39.5607], [-76.0808, 39.5435], [-76.1023, 39.4339], [-76.2853, 39.3668], [-76.3607, 39.3937], [-76.3607, 39.326], [-76.4002, 39.2277], [-76.5294, 39.2406], [-76.5833, 39.2067], [-76.533, 39.2078], [-76.4253, 39.0902], [-76.5258, 39.0886], [-76.393, 39.0117], [-76.4684, 38.9108], [-76.5366, 38.8957], [-76.4971, 38.8146], [-76.5294, 38.7126]], [[-75.9946, 38.7373], [-75.9551, 38.6749], [-76.0185, 38.5896], [-75.9767, 38.5852], [-75.9372, 38.6771], [-75.9946, 38.7373]]], [[[-76.2495, 38.9215], [-76.3141, 38.9446], [-76.3679, 38.8356], [-76.3105, 39.0359], [-76.2495, 38.9215]]]]}}, {"id": "20", "type": "Feature", "properties": {"state_fips": "25", "name": "Massachusetts", "usps": "MA"}, "geometry": {"type": "MultiPolygon", "coordinates": [[[[-70.0005, 41.3269], [-70.0149, 41.2377], [-70.2159, 41.2732], [-70.0005, 41.3269]]], [[[-71.2567, 42.7358], [-71.0665, 42.8062], [-71.0342, 42.8578], [-70.8189, 42.8717], [-70.7614, 42.6451], [-70.6286, 42.6929], [-70.5963, 42.6332], [-70.6968, 42.5779], [-70.8799, 42.5392], [-70.8404, 42.5086], [-70.984, 42.4318], [-71.0306, 42.4447], [-71.0486, 42.3931], [-71.0737, 42.3904], [-71.0414, 42.2825], [-70.9301, 42.2476], [-70.826, 42.2642], [-70.783, 42.24], [-70.6394, 42.088], [-70.7112, 42.0075], [-70.5389, 41.9258], [-70.5389, 41.8098], [-70.424, 41.7459], [-70.2876, 41.7265], [-70.022, 41.7883], [-70.0974, 42.0354], [-69.9825, 41.9451], [-69.9287, 41.7502], [-70.0113, 41.6723], [-70.3953, 41.6234], [-70.4779, 41.5568], [-70.6717, 41.5299], [-70.6214, 41.7459], [-70.7291, 41.7378], [-70.7148, 41.6766], [-70.844, 41.6288], [-70.9301, 41.5401], [-71.1204, 41.4972], [-71.1311, 41.6594], [-71.1957, 41.675], [-71.3178, 41.7759], [-71.3824, 41.9849], [-71.4972, 42.0171], [-71.8023, 42.008], [-72.1361, 42.0305], [-73.4965, 42.0499], [-73.5072, 42.081], [-73.2632, 42.7455], [-71.2926, 42.6972], [-71.2567, 42.7358]]], [[[-70.7435, 41.3344], [-70.7758, 41.3011], [-70.7004, 41.4332], [-70.5963, 41.4784], [-70.4635, 41.3484], [-70.7435, 41.3344]]]]}}, {"id": "21", "type": "Feature", "properties": {"state_fips": "26", "name": "Michigan", "usps": "MI"}, "geometry": {"type": "MultiPolygon", "coordinates": [[[[-86.2744, 42.4194], [-86.2097, 42.7675], [-86.2169, 42.9394], [-86.2708, 43.1183], [-86.4036, 43.3278], [-86.54, 43.6173], [-86.4323, 43.8193], [-86.4466, 43.9482], [-86.5148, 44.0443], [-86.2672, 44.3457], [-86.2349, 44.5181], [-86.2456, 44.7013], [-86.0734, 44.7786], [-86.0698, 44.9022], [-85.919, 44.9688], [-85.8077, 44.9484], [-85.6175, 45.1853], [-85.5673, 45.059], [-85.6498, 44.8748], [-85.6426, 44.7754], [-85.5924, 44.769], [-85.5637, 44.8968], [-85.4739, 44.9913], [-85.5278, 44.7469], [-85.4416, 44.8597], [-85.3663, 45.0671], [-85.3878, 45.2078], [-85.3734, 45.2685], [-85.2119, 45.3582], [-85.0971, 45.3657], [-84.9248, 45.4221], [-85.0432, 45.4366], [-85.1186, 45.579], [-84.9391, 45.7262], [-84.731, 45.7879], [-84.4833, 45.6569], [-84.329, 45.6644], [-84.2033, 45.6263], [-84.1136, 45.507], [-83.909, 45.4855], [-83.8444, 45.4345], [-83.3814, 45.2717], [-83.3886, 45.2073], [-83.3132, 45.0526], [-83.4496, 45.0429], [-83.4316, 44.9301], [-83.3204, 44.8587], [-83.2701, 44.7131], [-83.3204, 44.5117], [-83.3311, 44.3398], [-83.4316, 44.2651], [-83.5357, 44.2544], [-83.5824, 44.0497], [-83.6793, 43.9879], [-83.8444, 43.9933], [-83.909, 43.9106], [-83.9557, 43.7607], [-83.9018, 43.6667], [-83.7008, 43.5899], [-83.5142, 43.7355], [-83.4675, 43.728], [-83.3814, 43.91], [-83.2629, 43.975], [-83.0727, 44.0008], [-82.9255, 44.0696], [-82.7389, 43.9901], [-82.6133, 43.779], [-82.502, 43.1688], [-82.423, 43.0125], [-82.5379, 42.6091], [-82.7066, 42.6864], [-82.8179, 42.6348], [-82.7856, 42.5682], [-82.8753, 42.5231], [-82.8897, 42.3921], [-83.0799, 42.312], [-83.1912, 42.1057], [-83.1983, 42.0338], [-83.3204, 41.9339], [-83.4819, 41.7324], [-84.8063, 41.6959], [-84.8243, 41.7598], [-86.8235, 41.7604], [-86.6333, 41.8812], [-86.4718, 42.1278], [-86.3641, 42.2433], [-86.2744, 42.4194]]], [[[-83.629, 45.9582], [-83.848, 45.9636], [-83.6721, 46.035], [-83.7152, 46.1016], [-83.5752, 46.0828], [-83.4747, 45.9915], [-83.568, 45.9222], [-83.629, 45.9582]]], [[[-88.4351, 46.9901], [-88.4531, 46.7629], [-88.2413, 46.9315], [-87.8967, 46.9084], [-87.6311, 46.8107], [-87.5809, 46.7258], [-87.3045, 46.4905], [-87.1178, 46.4948], [-87.0209, 46.534], [-86.8163, 46.4374], [-86.7912, 46.4771], [-86.6405, 46.4105], [-86.461, 46.5528], [-86.138, 46.6726], [-85.8652, 46.6893], [-85.5062, 46.6759], [-85.237, 46.7548], [-84.9571, 46.7725], [-85.0289, 46.6979], [-85.0289, 46.4836], [-84.7956, 46.4459], [-84.6305, 46.4841], [-84.5946, 46.4137], [-84.3397, 46.5018], [-84.2931, 46.4669], [-84.1818, 46.2504], [-84.2249, 46.1639], [-84.0275, 46.1333], [-84.0705, 46.0904], [-83.9018, 45.9818], [-84.232, 45.9851], [-84.6556, 46.0533], [-84.7381, 45.94], [-84.7525, 45.839], [-85.0181, 46.0125], [-85.4165, 46.1022], [-85.5421, 46.0796], [-85.6534, 45.9668], [-85.8652, 45.9684], [-85.9262, 45.926], [-86.199, 45.9636], [-86.3138, 45.919], [-86.3677, 45.7863], [-86.461, 45.7573], [-86.6261, 45.6628], [-86.7194, 45.6682], [-86.5292, 45.8524], [-86.7804, 45.8605], [-86.8415, 45.7208], [-86.9671, 45.6687], [-87.003, 45.8314], [-87.0389, 45.7423], [-87.1753, 45.6606], [-87.265, 45.55], [-87.326, 45.4254], [-87.6096, 45.1337], [-87.5916, 45.0955], [-87.7424, 45.1976], [-87.6491, 45.3367], [-87.8895, 45.355], [-87.7926, 45.5038], [-87.8357, 45.5688], [-87.7819, 45.673], [-87.8465, 45.7224], [-88.0582, 45.7804], [-88.1372, 45.8212], [-88.1157, 45.9212], [-88.5069, 46.0173], [-88.6828, 46.0141], [-88.934, 46.0732], [-89.092, 46.1387], [-90.1221, 46.3369], [-90.2154, 46.5018], [-90.4164, 46.5652], [-90.0252, 46.6748], [-89.7919, 46.8182], [-89.4258, 46.8408], [-89.2463, 46.9036], [-89.1207, 46.9944], [-88.934, 47.0314], [-88.8838, 47.1034], [-88.5105, 47.2861], [-88.3705, 47.393], [-88.2162, 47.4499], [-87.8501, 47.4741], [-87.7101, 47.4026], [-87.9577, 47.3876], [-87.9398, 47.3387], [-88.2269, 47.1996], [-88.2485, 47.1362], [-88.4351, 46.9901]], [[-88.4351, 47.0938], [-88.5106, 47.1078], [-88.5177, 47.0196], [-88.4351, 46.9901], [-88.4351, 47.0938]], [[-88.6146, 47.1271], [-88.6182, 47.199], [-88.6182, 47.1244], [-88.5447, 47.1141], [-88.6146, 47.1271]]], [[[-84.2644, 46.4938], [-84.1351, 46.5303], [-84.1926, 46.4126], [-84.1208, 46.3385], [-84.1746, 46.3348], [-84.2644, 46.4938]]], [[[-84.3577, 45.7724], [-84.4187, 45.7208], [-84.573, 45.8196], [-84.3577, 45.7724]]], [[[-85.5027, 45.7546], [-85.4883, 45.6155], [-85.5637, 45.572], [-85.6247, 45.5838], [-85.5673, 45.7595], [-85.5027, 45.7546]]], [[[-85.9764, 45.1391], [-86.0052, 45.0542], [-86.059, 45.153], [-85.9764, 45.1391]]], [[[-86.7087, 46.5459], [-86.6261, 46.534], [-86.6728, 46.4508], [-86.7087, 46.5459]]], [[[-89.1745, 47.9355], [-88.8228, 48.0504], [-88.6505, 48.1321], [-88.4243, 48.1863], [-88.6792, 48.0075], [-89.0022, 47.9081], [-88.9197, 47.8887], [-89.1637, 47.8232], [-89.2319, 47.8517], [-89.1745, 47.9355]]]]}}, {"id": "22", "type": "Feature", "properties": {"state_fips": "27", "name": "Minnesota", "usps": "MN"}, "geometry": {"type": "MultiPolygon", "coordinates": [[[[-96.4536, 43.5002], [-96.4536, 45.2685], [-96.4715, 45.326], [-96.6833, 45.4109], [-96.8341, 45.586], [-96.8448, 45.6413], [-96.669, 45.7358], [-96.5756, 45.8309], [-96.5577, 46.1049], [-96.6008, 46.331], [-96.7371, 46.4852], [-96.7982, 46.6307], [-96.8018, 46.8182], [-96.7587, 46.916], [-96.8341, 47.0067], [-96.8556, 47.4998], [-96.8951, 47.6744], [-97.0566, 47.9473], [-97.1463, 48.174], [-97.1212, 48.4195], [-97.1607, 48.543], [-97.0997, 48.6832], [-97.1894, 48.8137], [-97.2289, 49.0007], [-95.1579, 48.999], [-95.1579, 49.3847], [-94.9569, 49.3702], [-94.8241, 49.2945], [-94.6948, 48.9185], [-94.6948, 48.7777], [-94.5405, 48.7025], [-94.3072, 48.7095], [-94.2246, 48.6488], [-93.8442, 48.6295], [-93.7939, 48.5161], [-93.4673, 48.5462], [-93.4637, 48.5924], [-93.2089, 48.6424], [-93.0868, 48.6279], [-92.7315, 48.5392], [-92.6346, 48.5425], [-92.7135, 48.463], [-92.509, 48.4474], [-92.3797, 48.2314], [-92.2685, 48.2481], [-92.2613, 48.3545], [-92.0567, 48.3593], [-92.0065, 48.2648], [-91.7983, 48.2024], [-91.6834, 48.1208], [-91.5578, 48.1079], [-91.5686, 48.044], [-91.2491, 48.0843], [-91.0338, 48.1895], [-90.8363, 48.2341], [-90.761, 48.0972], [-90.14, 48.1127], [-89.8708, 47.9865], [-89.7631, 48.023], [-89.5693, 47.9994], [-89.7596, 47.9043], [-90.0216, 47.8184], [-90.5384, 47.7029], [-90.7323, 47.6266], [-91.023, 47.4649], [-91.3532, 47.2103], [-91.7947, 46.9401], [-92.0926, 46.793], [-92.0711, 46.7511], [-92.2003, 46.7086], [-92.2039, 46.6597], [-92.2936, 46.6635], [-92.2936, 46.1575], [-92.351, 46.0152], [-92.71, 45.8959], [-92.8858, 45.644], [-92.8858, 45.5768], [-92.7746, 45.5677], [-92.6525, 45.4554], [-92.7459, 45.2959], [-92.771, 44.8619], [-92.8033, 44.7469], [-92.7315, 44.7142], [-92.5556, 44.5697], [-92.3151, 44.5407], [-92.2469, 44.4542], [-92.0818, 44.4075], [-91.9239, 44.3333], [-91.8593, 44.1931], [-91.5578, 44.0255], [-91.425, 43.9842], [-91.285, 43.8472], [-91.2563, 43.728], [-91.2707, 43.6168], [-91.2168, 43.5007], [-93.9698, 43.4991], [-96.4536, 43.5002]]], [[[-92.0711, 46.7511], [-92.0172, 46.7075], [-92.0172, 46.707], [-92.0711, 46.7511]]]]}}, {"id": "23", "type": "Feature", "properties": {"state_fips": "28", "name": "Mississippi", "usps": "MS"}, "geometry": {"type": "Polygon", "coordinates": [[[-89.7273, 31.0017], [-91.6368, 30.9996], [-91.565, 31.0667], [-91.6296, 31.1167], [-91.5901, 31.1913], [-91.6547, 31.2504], [-91.5183, 31.2751], [-91.5793, 31.4051], [-91.5147, 31.4475], [-91.5183, 31.5297], [-91.4106, 31.5646], [-91.5183, 31.6151], [-91.3999, 31.62], [-91.3783, 31.7344], [-91.3173, 31.75], [-91.3424, 31.852], [-91.2491, 31.8698], [-91.1881, 31.9616], [-91.0768, 32.0169], [-91.0338, 32.1206], [-91.163, 32.1319], [-91.1235, 32.2103], [-90.9907, 32.1974], [-90.9763, 32.2973], [-90.9117, 32.3392], [-91.005, 32.3725], [-90.9656, 32.4332], [-91.1163, 32.4859], [-91.0445, 32.5756], [-91.1522, 32.6406], [-91.0625, 32.726], [-91.1486, 32.7416], [-91.145, 32.8318], [-91.0625, 32.9086], [-91.0912, 32.9806], [-91.1773, 32.9005], [-91.1666, 33.0112], [-91.1235, 33.0638], [-91.1881, 33.1407], [-91.084, 33.1444], [-91.1414, 33.3469], [-91.2348, 33.4393], [-91.2132, 33.5285], [-91.2312, 33.5612], [-91.1343, 33.5935], [-91.2204, 33.6617], [-91.145, 33.7691], [-90.9871, 33.7852], [-91.0732, 33.8567], [-91.0194, 33.9163], [-91.0912, 33.9625], [-90.901, 34.0248], [-90.9548, 34.1188], [-90.9368, 34.2348], [-90.8507, 34.2074], [-90.7394, 34.3063], [-90.7538, 34.3686], [-90.5743, 34.4137], [-90.5815, 34.6409], [-90.4631, 34.6925], [-90.4667, 34.8907], [-90.4092, 34.8332], [-90.3051, 34.8601], [-90.2441, 34.9122], [-90.3087, 34.9954], [-88.2018, 34.9954], [-88.0977, 34.8923], [-88.4746, 31.8939], [-88.3956, 30.3872], [-88.4782, 30.3185], [-88.5643, 30.3689], [-88.751, 30.3491], [-88.8838, 30.4264], [-88.8586, 30.3899], [-89.0632, 30.3738], [-89.2894, 30.3034], [-89.3396, 30.3732], [-89.3288, 30.3029], [-89.5227, 30.1788], [-89.6447, 30.2873], [-89.6914, 30.4592], [-89.7703, 30.5161], [-89.8421, 30.6665], [-89.7273, 31.0017]]]}}, {"id": "24", "type": "Feature", "properties": {"state_fips": "29", "name": "Missouri", "usps": "MO"}, "geometry": {"type": "Polygon", "coordinates": [[[-94.6195, 36.4995], [-94.6015, 39.1589], [-94.7738, 39.1987], [-94.8923, 39.29], [-94.9676, 39.4189], [-95.104, 39.5333], [-95.0538, 39.6236], [-94.8779, 39.8207], [-94.9928, 39.898], [-95.0394, 39.8653], [-95.2045, 39.9056], [-95.3122, 40.0001], [-95.4127, 40.0372], [-95.3912, 40.1124], [-95.5563, 40.2644], [-95.7644, 40.5851], [-94.2318, 40.5716], [-91.7157, 40.5985], [-91.4178, 40.3777], [-91.4968, 40.2483], [-91.504, 40.2005], [-91.4896, 40.0254], [-91.4358, 39.9453], [-91.4358, 39.8433], [-91.3065, 39.6837], [-91.1773, 39.5983], [-91.0338, 39.4452], [-90.7682, 39.2975], [-90.7251, 39.2239], [-90.6641, 38.9344], [-90.5384, 38.8785], [-90.4523, 38.9672], [-90.2764, 38.9237], [-90.1077, 38.8468], [-90.1185, 38.8055], [-90.1652, 38.7727], [-90.1831, 38.6604], [-90.341, 38.387], [-90.3626, 38.2296], [-90.2082, 38.0884], [-89.9965, 37.9632], [-89.939, 37.8751], [-89.8493, 37.9047], [-89.6734, 37.8031], [-89.6662, 37.751], [-89.5191, 37.6952], [-89.5227, 37.5663], [-89.4222, 37.3992], [-89.4832, 37.3358], [-89.4904, 37.2515], [-89.3791, 37.0393], [-89.3145, 37.0103], [-89.2535, 37.0694], [-89.1027, 36.9432], [-89.1781, 36.8057], [-89.1243, 36.7847], [-89.2032, 36.7176], [-89.1781, 36.652], [-89.2499, 36.5639], [-89.3288, 36.6322], [-89.4186, 36.4984], [-89.5406, 36.4984], [-89.5442, 36.3367], [-89.6124, 36.3104], [-89.5334, 36.2545], [-89.695, 36.2529], [-89.5945, 36.1283], [-89.6806, 36.0848], [-89.7057, 36.0021], [-90.3769, 35.9956], [-90.1903, 36.2008], [-90.0646, 36.3007], [-90.079, 36.4006], [-90.1544, 36.4979], [-92.771, 36.4979], [-94.6195, 36.4995]]]}}, {"id": "25", "type": "Feature", "properties": {"state_fips": "30", "name": "Montana", "usps": "MT"}, "geometry": {"type": "Polygon", "coordinates": [[[-111.5107, 44.5638], [-111.823, 44.5095], [-111.8696, 44.5643], [-112.1065, 44.5208], [-112.2573, 44.5707], [-112.3578, 44.5305], [-112.3865, 44.4488], [-112.4726, 44.48], [-112.7813, 44.4848], [-112.8172, 44.3758], [-113.0038, 44.4494], [-113.0074, 44.5256], [-113.1043, 44.7292], [-113.2479, 44.8221], [-113.3412, 44.7845], [-113.4956, 44.9484], [-113.4453, 45.0332], [-113.693, 45.2631], [-113.7755, 45.4076], [-113.8114, 45.6058], [-113.937, 45.6955], [-114.3462, 45.4603], [-114.4718, 45.5645], [-114.5652, 45.5575], [-114.497, 45.71], [-114.5688, 45.774], [-114.3893, 45.8921], [-114.4862, 45.9958], [-114.3319, 46.6603], [-114.5939, 46.634], [-114.6764, 46.7371], [-114.9492, 46.859], [-114.96, 46.9331], [-115.0497, 46.9691], [-115.1861, 47.1303], [-115.301, 47.1883], [-115.3189, 47.2565], [-115.484, 47.2818], [-115.5558, 47.3532], [-115.7604, 47.422], [-115.6276, 47.4794], [-115.7604, 47.5514], [-115.6922, 47.5944], [-115.7245, 47.6986], [-115.8322, 47.7545], [-116.0511, 47.9784], [-116.0475, 49.0007], [-113.7109, 48.9974], [-110.7426, 48.9985], [-107.1784, 49.0001], [-104.0485, 49.0001], [-104.0414, 45.2126], [-104.0593, 44.9972], [-106.0262, 44.9935], [-107.0887, 44.9967], [-110.7067, 44.9919], [-111.0441, 45.0015], [-111.0477, 44.4735], [-111.2307, 44.5788], [-111.2199, 44.6223], [-111.3779, 44.7518], [-111.4712, 44.7093], [-111.5107, 44.5638]]]}}, {"id": "26", "type": "Feature", "properties": {"state_fips": "31", "name": "Nebraska", "usps": "NE"}, "geometry": {"type": "Polygon", "coordinates": [[[-95.8793, 41.0529], [-95.8147, 40.9009], [-95.8326, 40.7838], [-95.8865, 40.721], [-95.7106, 40.5233], [-95.5563, 40.2644], [-95.3912, 40.1124], [-95.4127, 40.0372], [-95.3122, 40.0001], [-96.9166, 40.0017], [-98.7256, 40.0023], [-100.1936, 40.0017], [-102.0529, 40.0033], [-102.0529, 41.0019], [-104.0521, 41.0014], [-104.0521, 43.0044], [-101.2274, 42.998], [-98.4995, 42.9985], [-98.3093, 42.8825], [-98.1513, 42.8395], [-98.0329, 42.7632], [-97.936, 42.7756], [-97.8355, 42.869], [-97.4837, 42.8497], [-97.3078, 42.8674], [-97.1607, 42.7998], [-96.8053, 42.7041], [-96.7013, 42.6504], [-96.6331, 42.5242], [-96.4464, 42.4898], [-96.3818, 42.4393], [-96.4177, 42.3475], [-96.3567, 42.2766], [-96.3567, 42.2148], [-96.267, 42.1133], [-96.2741, 42.0472], [-96.1306, 41.9741], [-96.1377, 41.8656], [-96.0659, 41.8012], [-96.1234, 41.683], [-96.0947, 41.5369], [-95.9978, 41.5068], [-95.8721, 41.2882], [-95.9224, 41.1904], [-95.8793, 41.1598], [-95.8793, 41.0529]]]}}, {"id": "27", "type": "Feature", "properties": {"state_fips": "32", "name": "Nevada", "usps": "NV"}, "geometry": {"type": "Polygon", "coordinates": [[[-114.6334, 35.0008], [-119.9994, 38.9989], [-119.9994, 41.9951], [-117.0167, 41.9983], [-114.0411, 41.9935], [-114.0447, 36.1928], [-114.1488, 36.023], [-114.235, 36.0128], [-114.4108, 36.1466], [-114.6262, 36.1401], [-114.7554, 36.0891], [-114.7446, 35.9833], [-114.6621, 35.8699], [-114.7052, 35.7034], [-114.6549, 35.6153], [-114.68, 35.4977], [-114.5939, 35.3258], [-114.5723, 35.1373], [-114.6334, 35.0008]]]}}, {"id": "28", "type": "Feature", "properties": {"state_fips": "33", "name": "New Hampshire", "usps": "NH"}, "geometry": {"type": "Polygon", "coordinates": [[[-72.5166, 42.963], [-72.4412, 43.0071], [-72.452, 43.1613], [-72.3802, 43.5711], [-72.3299, 43.6001], [-72.3012, 43.7038], [-72.2043, 43.7709], [-72.111, 43.9998], [-72.032, 44.0766], [-72.032, 44.321], [-71.8382, 44.3478], [-71.5762, 44.502], [-71.5367, 44.5836], [-71.63, 44.755], [-71.4936, 44.9118], [-71.5008, 45.0134], [-71.3824, 45.2352], [-71.2998, 45.2975], [-71.1455, 45.2406], [-71.0845, 45.3056], [-70.9624, 43.541], [-70.9876, 43.3804], [-70.8081, 43.2252], [-70.8296, 43.1344], [-70.8827, 43.0862], [-70.8117, 43.1167], [-70.7112, 43.0431], [-70.8189, 42.8717], [-71.0342, 42.8578], [-71.0665, 42.8062], [-71.246, 42.7423], [-71.2926, 42.6972], [-72.4592, 42.7267], [-72.5417, 42.8078], [-72.5166, 42.963]]]}}, {"id": "29", "type": "Feature", "properties": {"state_fips": "34", "name": "New Jersey", "usps": "NJ"}, "geometry": {"type": "Polygon", "coordinates": [[[-74.6558, 39.2884], [-74.5589, 39.2964], [-74.6953, 39.1493], [-74.785, 39.0005], [-74.9645, 38.9312], [-74.8927, 39.11], [-74.9142, 39.1772], [-75.1081, 39.2116], [-75.3665, 39.3442], [-75.5424, 39.4963], [-75.4921, 39.5725], [-75.5567, 39.6069], [-75.5603, 39.63], [-75.4275, 39.7842], [-75.1332, 39.8846], [-75.0578, 39.9931], [-74.9788, 40.0485], [-74.724, 40.1468], [-74.943, 40.3412], [-75.0578, 40.4164], [-75.0686, 40.5426], [-75.1906, 40.5915], [-75.1978, 40.6082], [-75.1727, 40.7779], [-75.0506, 40.8714], [-75.1188, 40.9681], [-74.9214, 41.1378], [-74.8389, 41.2785], [-74.6989, 41.3548], [-73.9021, 40.9987], [-73.9918, 40.801], [-74.0851, 40.6549], [-74.1174, 40.7344], [-74.2538, 40.5539], [-74.2215, 40.4513], [-73.981, 40.4014], [-73.9774, 40.2939], [-74.0349, 40.1038], [-74.0851, 40.0973], [-74.1066, 39.9206], [-74.1964, 39.7428], [-74.1605, 39.7117], [-74.34, 39.5634], [-74.4189, 39.5575], [-74.3938, 39.4404], [-74.5194, 39.3475], [-74.6558, 39.2884]]]}}, {"id": "30", "type": "Feature", "properties": {"state_fips": "35", "name": "New Mexico", "usps": "NM"}, "geometry": {"type": "Polygon", "coordinates": [[[-109.052, 31.3321], [-109.0448, 36.999], [-106.4749, 36.9937], [-104.0091, 36.9958], [-103.0005, 37.0001], [-103.0041, 36.5], [-103.0435, 36.5], [-103.0651, 31.9997], [-104.849, 31.9997], [-106.6185, 31.9997], [-106.6472, 31.8982], [-106.5287, 31.7838], [-108.2085, 31.7838], [-108.2085, 31.3331], [-109.052, 31.3321]]]}}, {"id": "31", "type": "Feature", "properties": {"state_fips": "36", "name": "New York", "usps": "NY"}, "geometry": {"type": "MultiPolygon", "coordinates": [[[[-73.7154, 40.8698], [-73.5683, 40.9154], [-73.4642, 40.8596], [-73.4965, 40.9219], [-73.3601, 40.9036], [-73.3924, 40.9557], [-73.2201, 40.9074], [-73.1591, 40.9681], [-72.7678, 40.9659], [-72.592, 40.9949], [-72.3156, 41.141], [-72.4735, 40.989], [-72.6279, 40.9213], [-72.5022, 40.8945], [-72.3658, 40.9981], [-72.1756, 41.0465], [-72.0966, 40.9906], [-71.9603, 41.0707], [-71.8741, 41.0524], [-72.3981, 40.866], [-72.5022, 40.8827], [-72.6458, 40.7962], [-72.7319, 40.8123], [-72.8468, 40.7457], [-73.2237, 40.7151], [-73.737, 40.5947], [-73.7657, 40.6194], [-73.7441, 40.6372], [-73.8554, 40.6506], [-73.8769, 40.5894], [-73.9918, 40.57], [-74.042, 40.6157], [-73.9595, 40.7371], [-73.9092, 40.7908], [-73.7477, 40.7795], [-73.7154, 40.8698]]], [[[-72.3658, 41.0465], [-72.3335, 41.1061], [-72.2725, 41.025], [-72.3658, 41.0465]]], [[[-76.7232, 43.3391], [-76.6156, 43.4175], [-76.411, 43.5233], [-76.2279, 43.5324], [-76.1813, 43.6791], [-76.1992, 43.6801], [-76.2279, 43.8058], [-76.2997, 43.8381], [-76.1274, 43.8961], [-76.2064, 43.9847], [-76.1382, 44.0701], [-76.2818, 44.011], [-76.4002, 44.1126], [-76.1633, 44.2807], [-75.8618, 44.4032], [-75.7721, 44.5149], [-75.3091, 44.8366], [-74.9717, 44.9833], [-73.3421, 45.0107], [-73.3816, 44.8447], [-73.3601, 44.5638], [-73.2919, 44.4375], [-73.3134, 44.264], [-73.3888, 44.1926], [-73.4067, 44.0223], [-73.3637, 43.7532], [-73.4283, 43.635], [-73.396, 43.5679], [-73.3026, 43.627], [-73.2488, 43.5534], [-73.2632, 42.7455], [-73.5072, 42.081], [-73.4857, 42.0499], [-73.5431, 41.3666], [-73.4821, 41.213], [-73.7262, 41.097], [-73.658, 40.9756], [-73.7944, 40.8837], [-73.798, 40.816], [-73.92, 40.7972], [-74.0169, 40.7006], [-73.9092, 40.9154], [-73.8698, 41.1604], [-73.981, 41.322], [-73.9056, 41.1426], [-73.9021, 40.9987], [-74.6989, 41.3548], [-74.7527, 41.4241], [-74.986, 41.4816], [-75.0686, 41.6019], [-75.0758, 41.813], [-75.1404, 41.8522], [-75.2588, 41.8619], [-75.3629, 41.9999], [-77.7498, 41.9967], [-79.7634, 41.9983], [-79.7634, 42.269], [-79.5085, 42.3824], [-79.3183, 42.5022], [-79.1352, 42.5682], [-79.0491, 42.6896], [-78.8517, 42.7869], [-78.9091, 42.9528], [-78.884, 43.0237], [-78.9636, 43.0493], [-78.8948, 43.0205], [-78.9594, 42.9582], [-78.9974, 43.0601], [-79.0599, 43.0801], [-79.0635, 43.2633], [-78.8086, 43.3229], [-78.4641, 43.3707], [-77.9939, 43.3648], [-77.7139, 43.3229], [-77.5595, 43.2365], [-77.3765, 43.2762], [-77.1504, 43.288], [-76.9924, 43.2601], [-76.7232, 43.3391]]], [[[-74.1856, 40.6431], [-74.0528, 40.6001], [-74.2502, 40.4964], [-74.1856, 40.6431]]]]}}, {"id": "32", "type": "Feature", "properties": {"state_fips": "37", "name": "North Carolina", "usps": "NC"}, "geometry": {"type": "MultiPolygon", "coordinates": [[[[-75.7505, 35.1926], [-75.5189, 35.2763], [-75.528, 35.2243], [-75.7505, 35.1926]]], [[[-75.5189, 35.2763], [-75.4759, 35.5214], [-75.5172, 35.2769], [-75.5189, 35.2763]]], [[[-75.4759, 35.5214], [-75.4742, 35.5315], [-75.4813, 35.6712], [-75.4634, 35.5922], [-75.4759, 35.5214]]], [[[-75.6213, 35.8065], [-75.7254, 35.9274], [-75.6465, 35.9075], [-75.6213, 35.8065]]], [[[-75.8654, 36.5505], [-75.7721, 36.2314], [-75.5998, 35.9075], [-75.7362, 36.0418], [-75.7757, 36.2309], [-75.808, 36.2502], [-75.8905, 36.5505], [-75.8654, 36.5505]]], [[[-77.739, 34.2934], [-77.7139, 34.2907], [-77.861, 34.1414], [-77.9185, 34.0517], [-77.958, 34.1929], [-77.958, 33.9829], [-78.0369, 33.8986], [-78.36, 33.9099], [-78.5574, 33.8669], [-79.688, 34.8042], [-80.8007, 34.8198], [-80.7827, 34.9364], [-80.9048, 35.076], [-81.0448, 35.0443], [-81.034, 35.148], [-82.3548, 35.191], [-82.5774, 35.1448], [-82.764, 35.068], [-82.8968, 35.0556], [-83.1086, 35.0008], [-84.3218, 34.9885], [-84.2931, 35.2065], [-84.2285, 35.2667], [-84.0992, 35.2474], [-84.0275, 35.292], [-84.0203, 35.4107], [-83.9593, 35.4633], [-83.7726, 35.5616], [-83.4998, 35.5632], [-83.2558, 35.6954], [-83.2558, 35.7163], [-83.0799, 35.7894], [-82.9614, 35.791], [-82.8968, 35.9451], [-82.8215, 35.922], [-82.7533, 36.0037], [-82.6025, 36.0391], [-82.6097, 35.9666], [-82.5056, 35.9779], [-82.4159, 36.0724], [-82.222, 36.1568], [-82.0821, 36.1031], [-82.0282, 36.1224], [-81.917, 36.2868], [-81.8344, 36.3459], [-81.7052, 36.3378], [-81.7267, 36.391], [-81.6765, 36.5881], [-80.4418, 36.5505], [-79.5121, 36.5408], [-77.2975, 36.5446], [-76.0341, 36.5505], [-76.0449, 36.5032], [-75.9192, 36.3577], [-75.7972, 36.0714], [-75.9584, 36.2781], [-76.0233, 36.1912], [-76.1813, 36.3201], [-76.2172, 36.2975], [-76.0808, 36.196], [-76.0664, 36.1417], [-76.2064, 36.1369], [-76.2853, 36.2169], [-76.192, 36.1063], [-76.4899, 36.0853], [-76.4612, 36.0241], [-76.5797, 36.0101], [-76.6909, 36.0649], [-76.7197, 36.2003], [-76.6802, 36.3002], [-76.7591, 36.3555], [-76.9386, 36.4055], [-76.7807, 36.3604], [-76.7232, 36.2438], [-76.7555, 36.1466], [-76.6838, 35.9892], [-76.7017, 35.9236], [-76.4002, 35.9827], [-76.3679, 35.9317], [-76.1705, 35.9946], [-76.0592, 35.9897], [-76.0197, 35.9328], [-76.0664, 35.8313], [-76.0592, 35.6792], [-76.1633, 35.6954], [-76.0126, 35.669], [-75.9874, 35.8887], [-75.8044, 35.9527], [-75.729, 35.8232], [-75.7326, 35.625], [-75.8582, 35.5858], [-75.8869, 35.639], [-75.8798, 35.5761], [-75.9874, 35.5111], [-76.07, 35.3704], [-76.2207, 35.3403], [-76.3894, 35.4289], [-76.4864, 35.4042], [-76.5869, 35.509], [-76.4684, 35.5095], [-76.4935, 35.5718], [-76.6084, 35.5401], [-76.5761, 35.3881], [-76.9781, 35.4843], [-77.0894, 35.5589], [-77.1001, 35.5509], [-76.9601, 35.4359], [-76.6227, 35.3414], [-76.612, 35.2764], [-76.5976, 35.3306], [-76.4828, 35.2484], [-76.655, 35.1652], [-76.5366, 35.1496], [-76.6048, 35.068], [-76.8022, 34.9654], [-76.9458, 35.0443], [-76.9386, 35.0868], [-77.0259, 35.0798], [-76.8991, 34.9498], [-76.6838, 34.8971], [-76.6586, 34.982], [-76.4971, 35.0105], [-76.4361, 35.0588], [-76.4576, 34.9396], [-76.2782, 34.9611], [-76.5043, 34.7355], [-76.5761, 34.721], [-76.6084, 34.8058], [-76.6407, 34.6984], [-76.6874, 34.8026], [-76.7268, 34.7253], [-76.9027, 34.7269], [-77.0822, 34.6732], [-77.154, 34.7661], [-77.1181, 34.6871], [-77.2832, 34.5641], [-77.4483, 34.6119], [-77.3442, 34.5244], [-77.5165, 34.4406], [-77.739, 34.2934]], [[-77.0259, 35.0798], [-77.0427, 35.097], [-77.1136, 35.0727], [-77.0259, 35.0798]], [[-77.1136, 35.0727], [-77.1324, 35.0712], [-77.1181, 35.0712], [-77.1136, 35.0727]]], [[[-75.9192, 36.5505], [-75.9192, 36.4834], [-76.0126, 36.5505], [-75.9623, 36.5505], [-75.9192, 36.5505]]]]}}, {"id": "33", "type": "Feature", "properties": {"state_fips": "38", "name": "North Dakota", "usps": "ND"}, "geometry": {"type": "Polygon", "coordinates": [[[-104.045, 45.9453], [-104.0485, 49.0001], [-102.0206, 48.999], [-100.1865, 48.999], [-97.2289, 49.0007], [-97.1894, 48.8137], [-97.0997, 48.6832], [-97.1607, 48.543], [-97.1212, 48.4195], [-97.1463, 48.174], [-97.0566, 47.9473], [-96.8951, 47.6744], [-96.8556, 47.4998], [-96.8341, 47.0067], [-96.7587, 46.916], [-96.8018, 46.8182], [-96.7982, 46.6307], [-96.7371, 46.4852], [-96.6008, 46.331], [-96.5577, 46.1049], [-96.5649, 45.9351], [-98.0078, 45.9357], [-99.7234, 45.9405], [-101.9991, 45.9448], [-104.045, 45.9453]]]}}, {"id": "34", "type": "Feature", "properties": {"state_fips": "39", "name": "Ohio", "usps": "OH"}, "geometry": {"type": "Polygon", "coordinates": [[[-83.2665, 38.618], [-83.525, 38.7013], [-83.6434, 38.6368], [-83.7044, 38.6373], [-83.9054, 38.7679], [-84.0526, 38.7711], [-84.232, 38.8275], [-84.232, 38.8742], [-84.3182, 39.0214], [-84.5048, 39.095], [-84.6233, 39.0741], [-84.7561, 39.146], [-84.8207, 39.1052], [-84.8063, 41.6959], [-83.4532, 41.733], [-83.166, 41.6234], [-82.9686, 41.5197], [-82.8179, 41.5691], [-82.7281, 41.5025], [-83.0619, 41.4574], [-82.9004, 41.4305], [-82.6994, 41.4639], [-82.5128, 41.3827], [-82.0139, 41.5154], [-81.7447, 41.4864], [-81.2852, 41.7604], [-80.5207, 41.9774], [-80.5207, 40.6388], [-80.6679, 40.5824], [-80.5961, 40.4803], [-80.6284, 40.3955], [-80.5997, 40.3106], [-80.7038, 40.157], [-80.754, 39.9104], [-80.8222, 39.8486], [-80.833, 39.7203], [-80.9443, 39.6069], [-81.2099, 39.392], [-81.3714, 39.3421], [-81.4324, 39.4071], [-81.558, 39.3383], [-81.5724, 39.2658], [-81.6801, 39.2723], [-81.7554, 39.1804], [-81.7662, 38.922], [-81.9098, 38.8785], [-81.899, 38.9333], [-82.0031, 39.0284], [-82.1, 38.9618], [-82.1395, 38.8463], [-82.2149, 38.7974], [-82.1718, 38.6067], [-82.2866, 38.5826], [-82.3261, 38.4456], [-82.5056, 38.4117], [-82.5953, 38.4214], [-82.6671, 38.5057], [-82.8143, 38.5702], [-82.8897, 38.7539], [-83.0296, 38.7254], [-83.1553, 38.618], [-83.2665, 38.618]]]}}, {"id": "35", "type": "Feature", "properties": {"state_fips": "40", "name": "Oklahoma", "usps": "OK"}, "geometry": {"type": "Polygon", "coordinates": [[[-94.4328, 35.3784], [-94.4867, 33.6381], [-94.8635, 33.745], [-94.9676, 33.8604], [-95.0502, 33.8637], [-95.2189, 33.9625], [-95.3122, 33.8782], [-95.5527, 33.8889], [-95.5634, 33.9324], [-95.847, 33.8395], [-96.0839, 33.8502], [-96.2023, 33.7514], [-96.3782, 33.7256], [-96.6295, 33.8443], [-96.59, 33.8948], [-96.6546, 33.9131], [-96.773, 33.8341], [-96.87, 33.8551], [-96.9346, 33.9544], [-97.0207, 33.8459], [-97.0889, 33.8395], [-97.0853, 33.7466], [-97.193, 33.7595], [-97.2073, 33.9147], [-97.3725, 33.8196], [-97.455, 33.8309], [-97.4837, 33.9158], [-97.5627, 33.9002], [-97.6883, 33.9867], [-97.8678, 33.8492], [-97.979, 33.89], [-97.9467, 33.9845], [-98.0831, 34.0023], [-98.137, 34.143], [-98.1693, 34.1145], [-98.3631, 34.1564], [-98.4241, 34.0828], [-98.4815, 34.0619], [-98.6108, 34.1564], [-98.7579, 34.1242], [-98.9517, 34.2123], [-99.1922, 34.215], [-99.2102, 34.3369], [-99.3753, 34.4588], [-99.404, 34.3734], [-99.5763, 34.418], [-99.6947, 34.3783], [-99.928, 34.5765], [-99.9962, 34.5604], [-100.0034, 36.4995], [-103.0041, 36.5], [-103.0005, 37.0001], [-101.0658, 36.9974], [-98.3487, 36.9974], [-96.5254, 36.9985], [-94.6195, 36.999], [-94.6195, 36.4995], [-94.4328, 35.3784]]]}}, {"id": "36", "type": "Feature", "properties": {"state_fips": "41", "name": "Oregon", "usps": "OR"}, "geometry": {"type": "Polygon", "coordinates": [[[-124.2858, 43.3952], [-124.3352, 43.3611], [-124.2168, 43.6103], [-124.1199, 43.736], [-124.1988, 43.6839], [-124.1378, 43.9836], [-124.0589, 43.9724], [-124.1378, 44.0191], [-124.0589, 44.6696], [-124.0732, 44.798], [-123.9691, 45.1724], [-123.9835, 45.3469], [-123.9404, 45.7213], [-123.9655, 45.7831], [-123.9332, 46.0533], [-123.9871, 46.2075], [-123.8543, 46.1564], [-123.7645, 46.2042], [-123.6676, 46.1736], [-123.5384, 46.2365], [-123.3661, 46.1414], [-123.1256, 46.1865], [-122.9031, 46.0839], [-122.7847, 45.8508], [-122.7488, 45.6456], [-122.6375, 45.6058], [-122.2499, 45.5478], [-121.9268, 45.6494], [-121.8084, 45.7063], [-121.5212, 45.7246], [-121.4458, 45.6972], [-121.2125, 45.6665], [-121.1479, 45.6069], [-121.0438, 45.6574], [-120.9146, 45.6413], [-120.6562, 45.7374], [-120.4839, 45.695], [-120.2147, 45.724], [-119.9994, 45.8126], [-119.6691, 45.8567], [-119.5758, 45.9254], [-119.1308, 45.9324], [-118.9872, 45.9996], [-116.9162, 45.9947], [-116.7977, 45.8556], [-116.5393, 45.7412], [-116.4639, 45.601], [-116.5572, 45.507], [-116.8982, 44.8399], [-117.0454, 44.7448], [-117.1602, 44.5246], [-117.2248, 44.4843], [-117.2212, 44.3016], [-117.1136, 44.2807], [-116.8982, 44.1518], [-116.9736, 44.0486], [-116.9341, 43.9869], [-116.9844, 43.88], [-117.0274, 43.8408], [-117.0274, 41.9999], [-119.3246, 41.9935], [-121.4458, 41.9967], [-124.2132, 41.9983], [-124.3532, 42.1009], [-124.4321, 42.3201], [-124.4142, 42.6606], [-124.5649, 42.8336], [-124.4788, 42.955], [-124.3819, 43.2681], [-124.4034, 43.3063], [-124.2858, 43.3952]], [[-124.2858, 43.3952], [-124.2511, 43.4191], [-124.2527, 43.4202], [-124.2858, 43.3952]], [[-124.2511, 43.4191], [-124.1701, 43.3616], [-124.1665, 43.3724], [-124.2168, 43.4427], [-124.2511, 43.4191]]]}}, {"id": "37", "type": "Feature", "properties": {"state_fips": "42", "name": "Pennsylvania", "usps": "PA"}, "geometry": {"type": "Polygon", "coordinates": [[[-80.5207, 39.7213], [-80.5207, 41.9774], [-80.3377, 42.0338], [-79.7634, 42.269], [-79.7634, 41.9983], [-77.7498, 41.9967], [-75.3629, 41.9999], [-75.2588, 41.8619], [-75.1404, 41.8522], [-75.0758, 41.813], [-75.0686, 41.6019], [-74.986, 41.4816], [-74.7527, 41.4241], [-74.6989, 41.3548], [-74.8389, 41.2785], [-74.9214, 41.1378], [-75.1188, 40.9681], [-75.0506, 40.8714], [-75.1727, 40.7779], [-75.1978, 40.6082], [-75.1906, 40.5915], [-75.0686, 40.5426], [-75.0578, 40.4164], [-74.943, 40.3412], [-74.724, 40.1468], [-74.9788, 40.0485], [-75.2157, 39.8701], [-75.4239, 39.8067], [-75.5962, 39.8373], [-75.79, 39.7219], [-77.459, 39.7197], [-80.5207, 39.7213]]]}}, {"id": "38", "type": "Feature", "properties": {"state_fips": "44", "name": "Rhode Island", "usps": "RI"}, "geometry": {"type": "MultiPolygon", "coordinates": [[[[-71.1311, 41.6594], [-71.1204, 41.4972], [-71.1886, 41.4827], [-71.1957, 41.675], [-71.1311, 41.6594]]], [[[-71.3249, 41.5068], [-71.2388, 41.6207], [-71.2388, 41.4757], [-71.3249, 41.5068]]], [[[-71.8023, 41.4155], [-71.8023, 42.008], [-71.4972, 42.0171], [-71.3824, 41.9849], [-71.3178, 41.7759], [-71.228, 41.7131], [-71.2603, 41.6427], [-71.3501, 41.7528], [-71.3931, 41.7641], [-71.429, 41.6508], [-71.4254, 41.4547], [-71.5224, 41.3763], [-71.8562, 41.3043], [-71.8023, 41.4155]]]]}}, {"id": "39", "type": "Feature", "properties": {"state_fips": "45", "name": "South Carolina", "usps": "SC"}, "geometry": {"type": "MultiPolygon", "coordinates": [[[[-81.8523, 33.247], [-81.9385, 33.3437], [-81.9277, 33.4646], [-82.2328, 33.6934], [-82.301, 33.8024], [-82.5666, 33.9571], [-82.7425, 34.2085], [-82.8645, 34.4572], [-83.0512, 34.4932], [-83.3419, 34.6844], [-83.3527, 34.7156], [-83.2414, 34.8789], [-83.1122, 34.938], [-83.1086, 35.0008], [-82.8968, 35.0556], [-82.764, 35.068], [-82.5774, 35.1448], [-82.3548, 35.191], [-81.034, 35.148], [-81.0448, 35.0443], [-80.9048, 35.076], [-80.7827, 34.9364], [-80.8007, 34.8198], [-79.688, 34.8042], [-78.5538, 33.8476], [-78.8266, 33.7347], [-79.0024, 33.572], [-79.1352, 33.4092], [-79.1747, 33.2857], [-79.2716, 33.3029], [-79.1819, 33.1901], [-79.2357, 33.145], [-79.4009, 33.182], [-79.2788, 33.1326], [-79.426, 33.0214], [-79.5408, 33.0348], [-79.6162, 32.9398], [-79.7598, 32.8484], [-79.7526, 32.8141], [-79.8567, 32.7673], [-79.8885, 32.8414], [-79.8998, 32.8302], [-79.95, 32.9102], [-79.9285, 32.7689], [-79.8782, 32.7501], [-79.9895, 32.6175], [-80.1761, 32.56], [-80.2551, 32.6486], [-80.2946, 32.6024], [-80.1941, 32.5638], [-80.3448, 32.4966], [-80.4202, 32.6046], [-80.413, 32.5031], [-80.5746, 32.5654], [-80.5961, 32.5455], [-80.5602, 32.5031], [-80.7504, 32.5423], [-80.815, 32.4945], [-80.833, 32.5718], [-80.8294, 32.4101], [-80.8581, 32.379], [-80.7648, 32.2936], [-80.7863, 32.2022], [-80.8689, 32.2237], [-80.7899, 32.1877], [-80.9012, 32.155], [-80.9407, 32.0798], [-81.1165, 32.1174], [-81.1453, 32.2264], [-81.1273, 32.3365], [-81.1883, 32.4606], [-81.2816, 32.5568], [-81.3893, 32.5949], [-81.4216, 32.8345], [-81.5401, 33.0456], [-81.7626, 33.1573], [-81.7554, 33.1981], [-81.8523, 33.247]]], [[[-80.4561, 32.4085], [-80.632, 32.2554], [-80.6786, 32.502], [-80.5566, 32.4902], [-80.4561, 32.4085]]], [[[-80.7253, 32.271], [-80.6679, 32.22], [-80.8222, 32.1088], [-80.7253, 32.271]]], [[[-80.6822, 32.5208], [-80.6715, 32.2968], [-80.772, 32.3817], [-80.8114, 32.4767], [-80.6822, 32.5208]]]]}}, {"id": "40", "type": "Feature", "properties": {"state_fips": "46", "name": "South Dakota", "usps": "SD"}, "geometry": {"type": "Polygon", "coordinates": [[[-102.139, 43.4766], [-102.139, 43.7006], [-102.1749, 43.6877], [-102.8102, 43.6882], [-103.0005, 43.6066], [-103.0005, 43.0001], [-104.0521, 43.0044], [-104.045, 45.9453], [-101.9991, 45.9448], [-99.7234, 45.9405], [-98.0078, 45.9357], [-96.5649, 45.9351], [-96.5756, 45.8309], [-96.669, 45.7358], [-96.8448, 45.6413], [-96.8341, 45.586], [-96.6833, 45.4109], [-96.4715, 45.326], [-96.4536, 45.2685], [-96.4536, 43.5002], [-96.5972, 43.5002], [-96.5254, 43.3933], [-96.5541, 43.259], [-96.4715, 43.2128], [-96.4536, 43.0834], [-96.511, 43.0495], [-96.5397, 42.9088], [-96.6295, 42.7707], [-96.4464, 42.4898], [-96.6331, 42.5242], [-96.7013, 42.6504], [-96.8053, 42.7041], [-97.1607, 42.7998], [-97.3078, 42.8674], [-97.4837, 42.8497], [-97.8355, 42.869], [-97.936, 42.7756], [-98.0329, 42.7632], [-98.1513, 42.8395], [-98.3093, 42.8825], [-98.4995, 42.9985], [-100.1972, 42.9985], [-102.0816, 42.9996], [-102.1103, 43.1296], [-102.1103, 43.3901], [-102.139, 43.4766]]]}}, {"id": "41", "type": "Feature", "properties": {"state_fips": "47", "name": "Tennessee", "usps": "TN"}, "geometry": {"type": "Polygon", "coordinates": [[[-90.1652, 35.2963], [-90.0754, 35.3843], [-90.1436, 35.4343], [-90.0862, 35.4789], [-90.0539, 35.3892], [-90.0431, 35.3962], [-90.0503, 35.5041], [-89.9965, 35.5611], [-89.9103, 35.538], [-89.9534, 35.596], [-89.8601, 35.6293], [-89.9534, 35.7362], [-89.7057, 35.8184], [-89.7667, 35.8694], [-89.6447, 35.9043], [-89.7057, 36.0021], [-89.6806, 36.0848], [-89.5945, 36.1283], [-89.695, 36.2529], [-89.5334, 36.2545], [-89.6124, 36.3104], [-89.5442, 36.3367], [-89.5406, 36.4984], [-88.0546, 36.4979], [-88.069, 36.6784], [-87.6957, 36.637], [-86.7625, 36.6488], [-86.5615, 36.6338], [-86.4107, 36.6504], [-85.7898, 36.6214], [-85.2765, 36.6262], [-84.2608, 36.5919], [-82.1467, 36.5946], [-81.6478, 36.6117], [-81.6765, 36.5881], [-81.7267, 36.391], [-81.7052, 36.3378], [-81.8344, 36.3459], [-81.917, 36.2868], [-82.0282, 36.1224], [-82.0821, 36.1031], [-82.222, 36.1568], [-82.4159, 36.0724], [-82.5056, 35.9779], [-82.6097, 35.9666], [-82.6025, 36.0391], [-82.7533, 36.0037], [-82.8215, 35.922], [-82.8968, 35.9451], [-82.9614, 35.791], [-83.0799, 35.7894], [-83.2558, 35.7163], [-83.2558, 35.6954], [-83.4998, 35.5632], [-83.7726, 35.5616], [-83.9593, 35.4633], [-84.0203, 35.4107], [-84.0275, 35.292], [-84.0992, 35.2474], [-84.2285, 35.2667], [-84.2931, 35.2065], [-84.3218, 34.9885], [-85.4739, 34.9831], [-86.8343, 34.9912], [-89.0166, 34.9944], [-90.3087, 34.9954], [-90.2118, 35.0261], [-90.1723, 35.1179], [-90.0826, 35.1228], [-90.0718, 35.2216], [-90.1652, 35.2963]]]}}, {"id": "42", "type": "Feature", "properties": {"state_fips": "48", "name": "Texas", "usps": "TX"}, "geometry": {"type": "MultiPolygon", "coordinates": [[[[-102.3867, 29.7609], [-102.5159, 29.7834], [-102.6774, 29.741], [-102.8856, 29.3484], [-102.8856, 29.2098], [-102.9969, 29.1786], [-103.1512, 28.9723], [-103.4312, 29.0459], [-103.5604, 29.1582], [-103.6465, 29.1571], [-103.7937, 29.2629], [-104.0306, 29.3161], [-104.1634, 29.3908], [-104.2603, 29.5133], [-104.3393, 29.5202], [-104.5439, 29.6841], [-104.569, 29.7786], [-104.6767, 29.9108], [-104.7054, 30.0644], [-104.6874, 30.1793], [-104.7628, 30.3029], [-104.8597, 30.3899], [-104.8705, 30.5113], [-104.9782, 30.6289], [-105.2151, 30.8057], [-105.3981, 30.8497], [-105.3981, 30.8889], [-105.5596, 30.9904], [-105.6027, 31.0839], [-105.775, 31.1672], [-105.8683, 31.2896], [-105.9975, 31.3874], [-106.2057, 31.4647], [-106.378, 31.7306], [-106.5287, 31.7838], [-106.6472, 31.8982], [-106.6185, 31.9997], [-104.849, 31.9997], [-103.0651, 31.9997], [-103.0435, 36.5], [-100.0034, 36.4995], [-99.9962, 34.5604], [-99.928, 34.5765], [-99.6947, 34.3783], [-99.5763, 34.418], [-99.404, 34.3734], [-99.3753, 34.4588], [-99.2102, 34.3369], [-99.1922, 34.215], [-98.9517, 34.2123], [-98.7579, 34.1242], [-98.6108, 34.1564], [-98.4815, 34.0619], [-98.4241, 34.0828], [-98.3631, 34.1564], [-98.1693, 34.1145], [-98.137, 34.143], [-98.0831, 34.0023], [-97.9467, 33.9845], [-97.979, 33.89], [-97.8678, 33.8492], [-97.6883, 33.9867], [-97.5627, 33.9002], [-97.4837, 33.9158], [-97.455, 33.8309], [-97.3725, 33.8196], [-97.2073, 33.9147], [-97.193, 33.7595], [-97.0853, 33.7466], [-97.0889, 33.8395], [-97.0207, 33.8459], [-96.9346, 33.9544], [-96.87, 33.8551], [-96.773, 33.8341], [-96.6546, 33.9131], [-96.59, 33.8948], [-96.6295, 33.8443], [-96.3782, 33.7256], [-96.2023, 33.7514], [-96.0839, 33.8502], [-95.847, 33.8395], [-95.5634, 33.9324], [-95.5527, 33.8889], [-95.3122, 33.8782], [-95.2189, 33.9625], [-95.0502, 33.8637], [-94.9676, 33.8604], [-94.8635, 33.745], [-94.4867, 33.6381], [-94.3862, 33.5435], [-94.2354, 33.5897], [-94.0452, 33.5516], [-94.0416, 32.1958], [-94.0165, 31.9799], [-93.8801, 31.844], [-93.7939, 31.7016], [-93.8334, 31.5856], [-93.6719, 31.396], [-93.6862, 31.302], [-93.6145, 31.2617], [-93.6001, 31.1763], [-93.5534, 31.1849], [-93.5642, 31.0968], [-93.5068, 31.0296], [-93.5714, 31.0098], [-93.557, 30.869], [-93.6791, 30.5929], [-93.7401, 30.5408], [-93.697, 30.4377], [-93.7401, 30.4017], [-93.7688, 30.3297], [-93.7078, 30.2443], [-93.7221, 30.0515], [-93.8549, 29.8651], [-93.9267, 29.8146], [-93.8406, 29.6921], [-94.0452, 29.6739], [-94.3718, 29.5546], [-94.7774, 29.3763], [-94.6805, 29.4714], [-94.4687, 29.5573], [-94.5441, 29.5718], [-94.7559, 29.5245], [-94.6948, 29.7453], [-94.8061, 29.7625], [-94.8707, 29.6766], [-94.9281, 29.6814], [-95.1004, 29.7851], [-94.982, 29.6776], [-95.0179, 29.5482], [-94.9102, 29.4966], [-94.903, 29.2995], [-95.0574, 29.2001], [-95.1507, 29.1636], [-95.2261, 29.0126], [-95.122, 29.0706], [-95.3948, 28.866], [-95.6604, 28.7462], [-95.7896, 28.7467], [-95.9367, 28.6962], [-95.9619, 28.6253], [-95.707, 28.7274], [-95.8685, 28.6388], [-96.0444, 28.5845], [-95.9762, 28.6554], [-96.1629, 28.6055], [-96.2311, 28.6388], [-96.1808, 28.714], [-96.3244, 28.6431], [-96.3244, 28.6758], [-96.3926, 28.6748], [-96.4285, 28.7075], [-96.4356, 28.5996], [-96.5505, 28.6415], [-96.5756, 28.7011], [-96.6618, 28.7215], [-96.6187, 28.5797], [-96.5254, 28.5539], [-96.4069, 28.4567], [-96.6438, 28.3251], [-96.7838, 28.4475], [-96.8592, 28.411], [-96.791, 28.3192], [-96.8089, 28.2203], [-96.8412, 28.1876], [-96.9346, 28.1231], [-97.0171, 28.2026], [-97.2432, 28.0629], [-97.1607, 28.0484], [-97.1858, 27.97], [-97.0386, 28.1183], [-97.0279, 28.0334], [-97.1858, 27.8244], [-97.3401, 27.8835], [-97.4909, 27.84], [-97.3796, 27.8373], [-97.3294, 27.7176], [-97.254, 27.6966], [-97.3258, 27.5607], [-97.4083, 27.3244], [-97.5088, 27.2744], [-97.473, 27.3979], [-97.6093, 27.2851], [-97.7242, 27.3958], [-97.6632, 27.2862], [-97.7637, 27.2798], [-97.5447, 27.2293], [-97.4227, 27.2631], [-97.4801, 26.9988], [-97.5555, 26.9741], [-97.5663, 26.8409], [-97.4694, 26.7501], [-97.4263, 26.5149], [-97.4263, 26.4413], [-97.4514, 26.4101], [-97.3904, 26.4101], [-97.2863, 26.0975], [-97.2109, 26.0631], [-97.254, 25.9686], [-97.1571, 26.0089], [-97.1463, 25.9546], [-97.2791, 25.9519], [-97.376, 25.9057], [-97.3725, 25.8391], [-97.5842, 25.9326], [-97.6452, 26.0271], [-97.7637, 26.0255], [-97.8606, 26.0696], [-98.0688, 26.0454], [-98.2518, 26.0728], [-98.2949, 26.1206], [-98.5856, 26.2576], [-98.6646, 26.235], [-98.8046, 26.3682], [-98.8979, 26.3526], [-98.9733, 26.401], [-99.0845, 26.3967], [-99.1707, 26.5718], [-99.2676, 26.8431], [-99.4471, 27.0209], [-99.4255, 27.1723], [-99.4542, 27.2653], [-99.5045, 27.3373], [-99.4794, 27.4887], [-99.5942, 27.6397], [-99.7234, 27.6628], [-99.9029, 27.8637], [-99.9316, 27.9813], [-99.9819, 27.9888], [-100.086, 28.1467], [-100.2116, 28.1967], [-100.2941, 28.2778], [-100.3982, 28.5851], [-100.4987, 28.6586], [-100.5059, 28.7403], [-100.6531, 28.9428], [-100.671, 29.0846], [-100.7751, 29.1722], [-100.793, 29.242], [-101.0156, 29.3731], [-101.0587, 29.4585], [-101.2561, 29.5202], [-101.2525, 29.6266], [-101.4535, 29.7883], [-101.5396, 29.7593], [-102.1175, 29.7926], [-102.1821, 29.8468], [-102.3257, 29.8785], [-102.3867, 29.7609]]], [[[-94.7236, 29.3322], [-95.122, 29.0862], [-94.8743, 29.2898], [-94.7236, 29.3322]]], [[[-96.8484, 28.0651], [-96.7946, 28.186], [-96.7084, 28.1956], [-96.5972, 28.2848], [-96.4428, 28.3396], [-96.8484, 28.0651]]], [[[-97.0351, 27.9115], [-96.8807, 28.0715], [-96.8556, 28.0597], [-97.0458, 27.8406], [-97.0351, 27.9115]]], [[[-97.1679, 27.724], [-97.0889, 27.7901], [-97.2002, 27.615], [-97.1679, 27.724]]], [[[-97.3689, 26.8968], [-97.3904, 26.9086], [-97.3617, 27.3646], [-97.2468, 27.5817], [-97.2217, 27.5763], [-97.3473, 27.2782], [-97.3725, 27.1589], [-97.3689, 26.8968]]], [[[-97.3689, 26.8968], [-97.3078, 26.6497], [-97.3581, 26.7238], [-97.3796, 26.8871], [-97.3689, 26.8968]]], [[[-97.2863, 26.5997], [-97.254, 26.5068], [-97.333, 26.56], [-97.3078, 26.5997], [-97.2863, 26.5997]]]]}}, {"id": "43", "type": "Feature", "properties": {"state_fips": "49", "name": "Utah", "usps": "UT"}, "geometry": {"type": "Polygon", "coordinates": [[[-112.5408, 37.0006], [-114.0519, 37.0006], [-114.0411, 41.9935], [-111.0477, 42.0015], [-111.0477, 40.9981], [-109.052, 41.0003], [-109.0448, 36.999], [-109.9996, 36.9974], [-112.5408, 37.0006]]]}}, {"id": "44", "type": "Feature", "properties": {"state_fips": "50", "name": "Vermont", "usps": "VT"}, "geometry": {"type": "Polygon", "coordinates": [[[-72.4592, 42.7267], [-73.2632, 42.7455], [-73.2488, 43.5534], [-73.3026, 43.627], [-73.396, 43.5679], [-73.4283, 43.635], [-73.3637, 43.7532], [-73.4067, 44.0223], [-73.3888, 44.1926], [-73.3134, 44.264], [-73.2919, 44.4375], [-73.3601, 44.5638], [-73.3816, 44.8447], [-73.3421, 45.0107], [-71.5008, 45.0134], [-71.4936, 44.9118], [-71.63, 44.755], [-71.5367, 44.5836], [-71.5762, 44.502], [-71.8382, 44.3478], [-72.032, 44.321], [-72.032, 44.0766], [-72.111, 43.9998], [-72.2043, 43.7709], [-72.3012, 43.7038], [-72.3299, 43.6001], [-72.3802, 43.5711], [-72.452, 43.1613], [-72.4412, 43.0071], [-72.5166, 42.963], [-72.5417, 42.8078], [-72.4592, 42.7267]]]}}, {"id": "45", "type": "Feature", "properties": {"state_fips": "51", "name": "Virginia", "usps": "VA"}, "geometry": {"type": "MultiPolygon", "coordinates": [[[[-75.7936, 37.7688], [-75.7111, 37.7913], [-75.6249, 37.9944], [-75.3773, 38.0148], [-75.4634, 37.8982], [-75.6249, 37.57], [-75.6752, 37.5238], [-75.7936, 37.5013], [-75.8977, 37.3541], [-75.9408, 37.1328], [-76.0269, 37.259], [-75.93, 37.5512], [-75.8403, 37.5555], [-75.9408, 37.5582], [-75.7936, 37.7688]]], [[[-82.3082, 37.2998], [-81.9672, 37.5378], [-81.9277, 37.5125], [-81.9923, 37.4841], [-81.9277, 37.3573], [-81.7411, 37.2375], [-81.5616, 37.2064], [-81.3606, 37.3374], [-81.2242, 37.2343], [-80.9801, 37.2934], [-80.8509, 37.3471], [-80.858, 37.4276], [-80.7684, 37.3718], [-80.5135, 37.4819], [-80.4741, 37.4228], [-80.2982, 37.5077], [-80.3269, 37.5641], [-80.2192, 37.6275], [-80.2946, 37.692], [-80.1654, 37.8724], [-80.0577, 37.9519], [-79.9608, 38.0647], [-79.8998, 38.1926], [-79.7957, 38.2662], [-79.81, 38.3049], [-79.688, 38.4311], [-79.6485, 38.5912], [-79.5373, 38.5493], [-79.4762, 38.4574], [-79.3147, 38.4117], [-79.225, 38.4773], [-78.9953, 38.8501], [-78.8696, 38.763], [-78.7871, 38.8871], [-78.7189, 38.9043], [-78.403, 39.167], [-78.4174, 39.261], [-78.3456, 39.4662], [-77.8287, 39.1315], [-77.7175, 39.3206], [-77.5667, 39.3056], [-77.459, 39.2228], [-77.5272, 39.1315], [-77.4626, 39.0751], [-77.3262, 39.0563], [-77.0463, 38.8753], [-77.0463, 38.8404], [-77.1109, 38.8431], [-77.0499, 38.7894], [-77.0427, 38.719], [-77.2042, 38.618], [-77.2437, 38.6696], [-77.3011, 38.5047], [-77.2868, 38.3527], [-77.3262, 38.3365], [-77.014, 38.3784], [-77.0283, 38.2678], [-76.9853, 38.2017], [-76.7017, 38.1604], [-76.5366, 38.0755], [-76.5797, 38.0159], [-76.5115, 38.0255], [-76.2638, 37.9106], [-76.2495, 37.8343], [-76.3607, 37.8461], [-76.2997, 37.6995], [-76.35, 37.7011], [-76.35, 37.6211], [-76.5115, 37.6425], [-76.6156, 37.8069], [-76.6515, 37.7967], [-76.8991, 37.9906], [-76.9278, 38.0633], [-76.9278, 37.9815], [-76.795, 37.895], [-76.533, 37.6119], [-76.2997, 37.5609], [-76.4209, 37.5129], [-76.3607, 37.5206], [-76.253, 37.44], [-76.3105, 37.3305], [-76.4433, 37.4502], [-76.3894, 37.2638], [-76.5007, 37.2477], [-76.4217, 37.2225], [-76.393, 37.1065], [-76.271, 37.0887], [-76.3894, 36.9894], [-76.6263, 37.1269], [-76.6084, 37.1682], [-76.6479, 37.2198], [-76.7591, 37.1919], [-76.8704, 37.2424], [-76.8776, 37.3686], [-76.8776, 37.2585], [-76.9422, 37.2375], [-77.014, 37.3122], [-77.2652, 37.3251], [-77.2473, 37.3826], [-77.3155, 37.3858], [-77.3155, 37.308], [-77.2545, 37.2918], [-77.0929, 37.3074], [-77.0104, 37.2327], [-76.8022, 37.2053], [-76.6766, 37.1398], [-76.655, 37.0393], [-76.4864, 36.9577], [-76.5258, 36.9077], [-76.4074, 36.8964], [-76.4217, 36.8664], [-76.3894, 36.84], [-76.4038, 36.8148], [-76.2136, 36.8331], [-76.3284, 36.8739], [-76.3284, 36.963], [-76.1813, 36.9217], [-75.9946, 36.9222], [-75.8654, 36.5505], [-75.8905, 36.5505], [-75.9408, 36.7176], [-75.9803, 36.5505], [-78.4569, 36.5425], [-80.0541, 36.5425], [-81.6765, 36.5881], [-81.6478, 36.6117], [-82.1467, 36.5946], [-82.1215, 36.6456], [-82.2436, 36.5956], [-83.6757, 36.601], [-83.1337, 36.745], [-83.0727, 36.8545], [-82.8789, 36.8927], [-82.8681, 36.9743], [-82.7245, 37.0425], [-82.7066, 37.1279], [-82.3082, 37.2998]], [[-76.5474, 37.5679], [-76.4361, 37.5109], [-76.4222, 37.5127], [-76.5474, 37.5679]], [[-76.8202, 37.5491], [-76.5833, 37.2741], [-76.5067, 37.2497], [-76.7053, 37.4486], [-76.795, 37.5894], [-76.9565, 37.57], [-76.8202, 37.5491]], [[-76.6622, 37.2504], [-76.7268, 37.3047], [-76.7304, 37.3095], [-76.7412, 37.2741], [-76.6622, 37.2504]], [[-77.0319, 38.0895], [-76.935, 38.0814], [-77.0642, 38.162], [-77.0319, 38.0895]], [[-77.4483, 37.2225], [-77.398, 37.1704], [-77.3765, 37.245], [-77.4483, 37.2225]]], [[[-80.858, 37.4276], [-80.8581, 37.4277], [-80.8581, 37.4293], [-80.858, 37.4276]]]]}}, {"id": "46", "type": "Feature", "properties": {"state_fips": "53", "name": "Washington", "usps": "WA"}, "geometry": {"type": "MultiPolygon", "coordinates": [[[[-122.9031, 46.0839], [-123.1256, 46.1865], [-123.3051, 46.1548], [-123.4702, 46.2724], [-123.7286, 46.2907], [-123.8758, 46.2397], [-124.0589, 46.3686], [-124.0696, 46.5996], [-124.0266, 46.5818], [-124.0158, 46.3804], [-123.9081, 46.4363], [-123.8973, 46.5491], [-123.9584, 46.6109], [-123.8399, 46.7177], [-124.0947, 46.7371], [-124.1378, 46.9052], [-124.0517, 46.8934], [-123.822, 46.9579], [-124.1486, 47.0314], [-124.2419, 47.2957], [-124.3209, 47.3554], [-124.3532, 47.5337], [-124.4286, 47.748], [-124.6116, 47.8807], [-124.6726, 47.9645], [-124.7372, 48.1611], [-124.6619, 48.3297], [-124.7301, 48.3819], [-124.6367, 48.3878], [-124.0373, 48.175], [-123.6604, 48.1595], [-123.3948, 48.1143], [-123.1113, 48.1493], [-122.9282, 48.0649], [-122.8026, 48.0886], [-122.6267, 47.8887], [-122.8672, 47.7781], [-122.8887, 47.6873], [-122.9892, 47.6057], [-123.1113, 47.4585], [-123.1185, 47.3752], [-123.0215, 47.5203], [-122.921, 47.6169], [-122.7524, 47.668], [-122.6842, 47.7985], [-122.5262, 47.9124], [-122.4724, 47.7464], [-122.5462, 47.6979], [-122.5514, 47.7212], [-122.6195, 47.6497], [-122.4939, 47.5101], [-122.5514, 47.4026], [-122.5872, 47.2554], [-122.6806, 47.2861], [-122.6375, 47.4037], [-122.8349, 47.2425], [-122.8026, 47.3591], [-122.9282, 47.2807], [-122.939, 47.198], [-123.0754, 47.0986], [-122.9462, 47.1706], [-122.8813, 47.1714], [-122.921, 47.278], [-122.8457, 47.3], [-122.8759, 47.1715], [-122.8241, 47.1722], [-122.6985, 47.097], [-122.5298, 47.2818], [-122.3288, 47.3484], [-122.4221, 47.5761], [-122.3468, 47.5702], [-122.4401, 47.6621], [-122.3109, 47.9494], [-122.2068, 48.0306], [-122.3647, 48.1251], [-122.397, 48.2293], [-122.5119, 48.1337], [-122.5334, 48.2465], [-122.4042, 48.2508], [-122.3827, 48.297], [-122.5514, 48.4436], [-122.6554, 48.4103], [-122.6052, 48.5226], [-122.4688, 48.4694], [-122.4903, 48.6456], [-122.5442, 48.7767], [-122.6483, 48.716], [-122.6447, 48.7842], [-122.7918, 48.8948], [-122.7559, 49.0023], [-120.0855, 48.999], [-117.0382, 48.999], [-117.0418, 46.4261], [-117.0633, 46.3482], [-116.9269, 46.1709], [-116.9844, 46.0925], [-116.9162, 45.9947], [-118.9872, 45.9996], [-119.1308, 45.9324], [-119.5758, 45.9254], [-119.6691, 45.8567], [-119.9994, 45.8126], [-120.2147, 45.724], [-120.4839, 45.695], [-120.6562, 45.7374], [-120.9146, 45.6413], [-121.0438, 45.6574], [-121.1479, 45.6069], [-121.2125, 45.6665], [-121.4458, 45.6972], [-121.5212, 45.7246], [-121.8084, 45.7063], [-121.9268, 45.6494], [-122.2499, 45.5478], [-122.6375, 45.6058], [-122.7488, 45.6456], [-122.7847, 45.8508], [-122.9031, 46.0839]]], [[[-122.5462, 47.6979], [-122.519, 47.574], [-122.5944, 47.6621], [-122.5462, 47.6979]]], [[[-122.5083, 48.297], [-122.7344, 48.2325], [-122.6052, 48.2073], [-122.5442, 48.0155], [-122.5262, 48.0966], [-122.3755, 48.0343], [-122.3827, 47.9043], [-122.6124, 48.0311], [-122.6124, 48.1573], [-122.7667, 48.2186], [-122.6662, 48.3668], [-122.5083, 48.297]]], [[[-122.939, 48.7095], [-122.7416, 48.6612], [-122.8887, 48.5892], [-123.0323, 48.6311], [-122.939, 48.7095]]], [[[-122.8672, 48.5537], [-122.8852, 48.4184], [-122.939, 48.4554], [-122.8672, 48.5537]]], [[[-122.5011, 47.3301], [-122.476, 47.5106], [-122.3755, 47.386], [-122.5011, 47.3301]]], [[[-123.1759, 48.5607], [-123.1077, 48.622], [-122.9964, 48.5355], [-123.0395, 48.4587], [-123.1759, 48.5607]]]]}}, {"id": "47", "type": "Feature", "properties": {"state_fips": "54", "name": "West Virginia", "usps": "WV"}, "geometry": {"type": "Polygon", "coordinates": [[[-81.9277, 37.5125], [-81.9672, 37.5378], [-82.1215, 37.5518], [-82.2938, 37.6678], [-82.4984, 37.9455], [-82.4769, 37.9589], [-82.6384, 38.1416], [-82.6025, 38.2468], [-82.5953, 38.4214], [-82.5056, 38.4117], [-82.3261, 38.4456], [-82.2866, 38.5826], [-82.1718, 38.6067], [-82.2149, 38.7974], [-82.1395, 38.8463], [-82.1, 38.9618], [-82.0031, 39.0284], [-81.899, 38.9333], [-81.9098, 38.8785], [-81.7662, 38.922], [-81.7554, 39.1804], [-81.6801, 39.2723], [-81.5724, 39.2658], [-81.558, 39.3383], [-81.4324, 39.4071], [-81.3714, 39.3421], [-81.2099, 39.392], [-80.9443, 39.6069], [-80.833, 39.7203], [-80.8222, 39.8486], [-80.754, 39.9104], [-80.7038, 40.157], [-80.5997, 40.3106], [-80.6284, 40.3955], [-80.5961, 40.4803], [-80.6679, 40.5824], [-80.5207, 40.6388], [-80.5207, 39.7213], [-79.4762, 39.7213], [-79.487, 39.2062], [-79.2716, 39.3281], [-79.0671, 39.4801], [-78.9701, 39.4388], [-78.8014, 39.6268], [-78.6615, 39.5349], [-78.4676, 39.5167], [-78.3348, 39.637], [-78.2702, 39.6203], [-78.1769, 39.6966], [-78.0226, 39.6198], [-77.8323, 39.6037], [-77.8898, 39.558], [-77.8252, 39.493], [-77.7175, 39.3206], [-77.8287, 39.1315], [-78.3456, 39.4662], [-78.4174, 39.261], [-78.403, 39.167], [-78.7189, 38.9043], [-78.7871, 38.8871], [-78.8696, 38.763], [-78.9953, 38.8501], [-79.225, 38.4773], [-79.3147, 38.4117], [-79.4762, 38.4574], [-79.5373, 38.5493], [-79.6485, 38.5912], [-79.688, 38.4311], [-79.81, 38.3049], [-79.7957, 38.2662], [-79.8998, 38.1926], [-79.9608, 38.0647], [-80.0577, 37.9519], [-80.1654, 37.8724], [-80.2946, 37.692], [-80.2192, 37.6275], [-80.3269, 37.5641], [-80.2982, 37.5077], [-80.4741, 37.4228], [-80.5135, 37.4819], [-80.7684, 37.3718], [-80.858, 37.4276], [-80.8509, 37.3471], [-80.9801, 37.2934], [-81.2242, 37.2343], [-81.3606, 37.3374], [-81.5616, 37.2064], [-81.7411, 37.2375], [-81.9277, 37.3573], [-81.9923, 37.4841], [-81.9277, 37.5125]]]}}, {"id": "48", "type": "Feature", "properties": {"state_fips": "55", "name": "Wisconsin", "usps": "WI"}, "geometry": {"type": "MultiPolygon", "coordinates": [[[[-86.9563, 45.3813], [-86.8379, 45.3964], [-86.8738, 45.3319], [-86.9563, 45.3813]]], [[[-90.901, 42.6751], [-91.0553, 42.7391], [-91.1558, 42.9883], [-91.1773, 43.0801], [-91.0589, 43.2574], [-91.2132, 43.3648], [-91.2168, 43.5007], [-91.2707, 43.6168], [-91.2563, 43.728], [-91.285, 43.8472], [-91.425, 43.9842], [-91.5578, 44.0255], [-91.8593, 44.1931], [-91.9239, 44.3333], [-92.0818, 44.4075], [-92.2469, 44.4542], [-92.3151, 44.5407], [-92.5556, 44.5697], [-92.7315, 44.7142], [-92.8033, 44.7469], [-92.771, 44.8619], [-92.7459, 45.2959], [-92.6525, 45.4554], [-92.7746, 45.5677], [-92.8858, 45.5768], [-92.8858, 45.644], [-92.8428, 45.7294], [-92.71, 45.8959], [-92.351, 46.0152], [-92.2936, 46.1575], [-92.2936, 46.6635], [-92.2039, 46.6603], [-92.0962, 46.7451], [-92.0136, 46.6839], [-91.8162, 46.6904], [-91.364, 46.7946], [-91.224, 46.8649], [-91.1055, 46.8574], [-90.9692, 46.9434], [-90.8579, 46.9627], [-90.7502, 46.895], [-90.8866, 46.7527], [-90.8543, 46.692], [-90.9261, 46.5851], [-90.7, 46.6646], [-90.5492, 46.5835], [-90.4164, 46.5657], [-90.2154, 46.5018], [-90.1221, 46.3369], [-89.092, 46.1387], [-88.934, 46.0732], [-88.6828, 46.0141], [-88.5069, 46.0173], [-88.1157, 45.9212], [-88.1372, 45.8212], [-88.0582, 45.7804], [-87.8465, 45.7224], [-87.7819, 45.673], [-87.8357, 45.5688], [-87.7926, 45.5038], [-87.8895, 45.355], [-87.6491, 45.3367], [-87.7424, 45.1976], [-87.6168, 45.1015], [-87.6275, 44.9854], [-87.7639, 44.9661], [-87.9003, 44.827], [-88.0367, 44.5627], [-87.9685, 44.5294], [-87.7639, 44.6443], [-87.6132, 44.8361], [-87.3942, 44.9199], [-87.0712, 45.2927], [-87.0245, 45.2336], [-87.0784, 45.0601], [-87.1896, 44.9709], [-87.204, 44.8748], [-87.3081, 44.8012], [-87.4732, 44.5439], [-87.545, 44.3274], [-87.5414, 44.1577], [-87.6347, 44.1142], [-87.7316, 43.8923], [-87.7029, 43.6834], [-87.8788, 43.3681], [-87.8931, 43.1919], [-87.8285, 42.8416], [-87.7603, 42.7842], [-87.807, 42.6681], [-87.8034, 42.4925], [-88.7761, 42.492], [-90.6425, 42.5081], [-90.7035, 42.6332], [-90.901, 42.6751]]], [[[-90.7825, 46.7516], [-90.6174, 46.8746], [-90.5707, 46.8499], [-90.7825, 46.7516]]]]}}, {"id": "49", "type": "Feature", "properties": {"state_fips": "56", "name": "Wyoming", "usps": "WY"}, "geometry": {"type": "Polygon", "coordinates": [[[-111.0477, 40.9981], [-111.0441, 45.0015], [-110.7067, 44.9919], [-107.0887, 44.9967], [-106.0262, 44.9935], [-104.0593, 44.9972], [-104.0521, 41.0014], [-106.1913, 40.9981], [-107.9178, 41.0019], [-109.9996, 40.9971], [-111.0477, 40.9981]]]}}]}